order_date,sales,year,month,day,day_name,day_of_week,date_is_weekend
2014-09-07,377.97,2014,9,7,Sunday,6,1
2014-07-08,699.192,2014,7,8,Tuesday,1,0
2014-03-14,91.056,2014,3,14,Friday,4,0
2014-01-28,3.928,2014,1,28,Tuesday,1,0
2014-04-08,21.376,2014,4,8,Tuesday,1,0
2014-05-25,14.62,2014,5,25,Sunday,6,1
2014-04-18,697.074,2014,4,18,Friday,4,0
2014-12-16,129.44,2014,12,16,Tuesday,1,0
2014-11-24,508.62,2014,11,24,Monday,0,0
2014-03-26,18.75,2014,3,26,Wednesday,2,0
2014-10-19,321.552,2014,10,19,Sunday,6,1
2014-03-28,302.376,2014,3,28,Friday,4,0
2014-06-02,605.47,2014,6,2,Monday,0,0
2014-10-21,788.86,2014,10,21,Tuesday,1,0
2014-11-19,166.44,2014,11,19,Wednesday,2,0
2014-12-02,2.394,2014,12,2,Tuesday,1,0
2014-12-09,100.704,2014,12,9,Tuesday,1,0
2014-08-27,13.36,2014,8,27,Wednesday,2,0
2014-12-22,296.712,2014,12,22,Monday,0,0
2014-12-07,269.36,2014,12,7,Sunday,6,1
2014-12-26,8.016,2014,12,26,Friday,4,0
2014-04-20,59.92,2014,4,20,Sunday,6,1
2014-09-12,69.99,2014,9,12,Friday,4,0
2014-11-28,542.34,2014,11,28,Friday,4,0
2014-12-15,803.96,2014,12,15,Monday,0,0
2014-03-31,1.869,2014,3,31,Monday,0,0
2014-11-17,34.44,2014,11,17,Monday,0,0
2014-10-28,1252.602,2014,10,28,Tuesday,1,0
2014-09-30,48.94,2014,9,30,Tuesday,1,0
2014-10-04,29.24,2014,10,4,Saturday,5,1
2014-11-21,865.5,2014,11,21,Friday,4,0
2014-11-24,120.712,2014,11,24,Monday,0,0
2014-12-29,408.768,2014,12,29,Monday,0,0
2014-01-23,40.08,2014,1,23,Thursday,3,0
2014-04-06,199.99,2014,4,6,Sunday,6,1
2014-11-01,1044.44,2014,11,1,Saturday,5,1
2014-09-09,233.244,2014,9,9,Tuesday,1,0
2014-04-05,4251.92,2014,4,5,Saturday,5,1
2014-07-23,99.98,2014,7,23,Wednesday,2,0
2014-10-17,5.312,2014,10,17,Friday,4,0
2014-12-20,1107.66,2014,12,20,Saturday,5,1
2014-09-22,331.536,2014,9,22,Monday,0,0
2014-11-09,56.52,2014,11,9,Sunday,6,1
2014-05-10,1769.784,2014,5,10,Saturday,5,1
2014-07-05,242.546,2014,7,5,Saturday,5,1
2014-08-26,31.4,2014,8,26,Tuesday,1,0
2014-01-15,149.95,2014,1,15,Wednesday,2,0
2014-05-18,779.796,2014,5,18,Sunday,6,1
2014-11-21,12.96,2014,11,21,Friday,4,0
2014-05-30,765.494,2014,5,30,Friday,4,0
2014-10-10,1488.774,2014,10,10,Friday,4,0
2014-09-09,10.896,2014,9,9,Tuesday,1,0
2014-11-30,62.28,2014,11,30,Sunday,6,1
2014-08-25,1007.944,2014,8,25,Monday,0,0
2014-09-12,63.924,2014,9,12,Friday,4,0
2014-02-23,11.364,2014,2,23,Sunday,6,1
2014-01-03,16.448,2014,1,3,Friday,4,0
2014-12-02,21.19,2014,12,2,Tuesday,1,0
2014-05-11,225.016,2014,5,11,Sunday,6,1
2014-09-17,260.79,2014,9,17,Wednesday,2,0
2014-03-19,590.762,2014,3,19,Wednesday,2,0
2014-08-25,176.14,2014,8,25,Monday,0,0
2014-03-01,457.568,2014,3,1,Saturday,5,1
2014-06-27,616.14,2014,6,27,Friday,4,0
2014-06-17,65.97,2014,6,17,Tuesday,1,0
2014-06-02,133.128,2014,6,2,Monday,0,0
2014-03-07,1143.822,2014,3,7,Friday,4,0
2014-12-30,609.614,2014,12,30,Tuesday,1,0
2014-12-08,60.416,2014,12,8,Monday,0,0
2014-05-21,31.84,2014,5,21,Wednesday,2,0
2014-02-04,17.248,2014,2,4,Tuesday,1,0
2014-11-18,21.98,2014,11,18,Tuesday,1,0
2014-12-09,34.68,2014,12,9,Tuesday,1,0
2014-09-07,469.043,2014,9,7,Sunday,6,1
2014-04-04,18.9,2014,4,4,Friday,4,0
2014-11-28,460.092,2014,11,28,Friday,4,0
2014-11-11,143.128,2014,11,11,Tuesday,1,0
2014-11-22,6.928,2014,11,22,Saturday,5,1
2014-01-07,87.158,2014,1,7,Tuesday,1,0
2014-03-03,626.352,2014,3,3,Monday,0,0
2014-05-30,70.368,2014,5,30,Friday,4,0
2014-11-11,665.88,2014,11,11,Tuesday,1,0
2014-11-24,1661.028,2014,11,24,Monday,0,0
2014-01-06,12.78,2014,1,6,Monday,0,0
2014-06-07,268.935,2014,6,7,Saturday,5,1
2014-12-26,15.39,2014,12,26,Friday,4,0
2014-12-05,1280.992,2014,12,5,Friday,4,0
2014-10-31,1007.936,2014,10,31,Friday,4,0
2014-09-05,264.32,2014,9,5,Friday,4,0
2014-08-24,8.288,2014,8,24,Sunday,6,1
2014-12-06,1261.33,2014,12,6,Saturday,5,1
2014-12-29,144.36,2014,12,29,Monday,0,0
2014-05-14,310.88,2014,5,14,Wednesday,2,0
2014-09-02,475.944,2014,9,2,Tuesday,1,0
2014-07-05,180.96,2014,7,5,Saturday,5,1
2014-09-28,46.26,2014,9,28,Sunday,6,1
2014-02-04,117.136,2014,2,4,Tuesday,1,0
2014-08-25,30.246,2014,8,25,Monday,0,0
2014-11-02,124.2,2014,11,2,Sunday,6,1
2014-03-02,47.76,2014,3,2,Sunday,6,1
2014-12-12,23.472,2014,12,12,Friday,4,0
2014-07-02,79.56,2014,7,2,Wednesday,2,0
2014-02-14,16.176,2014,2,14,Friday,4,0
2014-02-07,115.36,2014,2,7,Friday,4,0
2014-10-28,257.98,2014,10,28,Tuesday,1,0
2014-04-29,661.504,2014,4,29,Tuesday,1,0
2014-09-08,1771.52,2014,9,8,Monday,0,0
2014-08-24,25.952,2014,8,24,Sunday,6,1
2014-06-08,1745.36,2014,6,8,Sunday,6,1
2014-02-06,8.952,2014,2,6,Thursday,3,0
2014-10-02,598.144,2014,10,2,Thursday,3,0
2014-12-16,92.856,2014,12,16,Tuesday,1,0
2014-10-31,1421.664,2014,10,31,Friday,4,0
2014-10-24,10.368,2014,10,24,Friday,4,0
2014-05-28,136.96,2014,5,28,Wednesday,2,0
2014-10-03,212.952,2014,10,3,Friday,4,0
2014-08-15,243.6,2014,8,15,Friday,4,0
2014-12-21,17.28,2014,12,21,Sunday,6,1
2014-11-05,20.04,2014,11,5,Wednesday,2,0
2014-06-30,32.4,2014,6,30,Monday,0,0
2014-01-13,545.94,2014,1,13,Monday,0,0
2014-08-12,196.21,2014,8,12,Tuesday,1,0
2014-02-20,82.63,2014,2,20,Thursday,3,0
2014-10-06,386.34,2014,10,6,Monday,0,0
2014-09-01,380.744,2014,9,1,Monday,0,0
2014-07-21,35.98,2014,7,21,Monday,0,0
2014-08-12,891.776,2014,8,12,Tuesday,1,0
2014-07-14,17.94,2014,7,14,Monday,0,0
2014-09-07,131.84,2014,9,7,Sunday,6,1
2014-12-09,247.784,2014,12,9,Tuesday,1,0
2014-12-06,23.976,2014,12,6,Saturday,5,1
2014-08-05,151.95,2014,8,5,Tuesday,1,0
2014-10-22,93.888,2014,10,22,Wednesday,2,0
2014-04-25,302.376,2014,4,25,Friday,4,0
2014-07-12,505.686,2014,7,12,Saturday,5,1
2014-05-05,127.869,2014,5,5,Monday,0,0
2014-11-23,23.68,2014,11,23,Sunday,6,1
2014-10-18,2216.8,2014,10,18,Saturday,5,1
2014-01-21,25.248,2014,1,21,Tuesday,1,0
2014-08-09,20.88,2014,8,9,Saturday,5,1
2014-04-11,410.104,2014,4,11,Friday,4,0
2014-10-06,83.92,2014,10,6,Monday,0,0
2014-08-23,71.84,2014,8,23,Saturday,5,1
2014-12-29,1365.63,2014,12,29,Monday,0,0
2014-04-18,323.458,2014,4,18,Friday,4,0
2014-06-01,334.68,2014,6,1,Sunday,6,1
2014-02-03,97.112,2014,2,3,Monday,0,0
2014-12-31,77.21,2014,12,31,Wednesday,2,0
2014-03-02,154.624,2014,3,2,Sunday,6,1
2014-07-30,1367.84,2014,7,30,Wednesday,2,0
2014-11-24,5.742,2014,11,24,Monday,0,0
2014-12-26,855.272,2014,12,26,Friday,4,0
2014-08-17,484.79,2014,8,17,Sunday,6,1
2014-06-29,13.92,2014,6,29,Sunday,6,1
2014-04-23,48.91,2014,4,23,Wednesday,2,0
2014-03-18,1198.33,2014,3,18,Tuesday,1,0
2014-05-04,43.312,2014,5,4,Sunday,6,1
2014-05-05,47.32,2014,5,5,Monday,0,0
2014-09-29,817.798,2014,9,29,Monday,0,0
2014-12-02,1050.6,2014,12,2,Tuesday,1,0
2014-04-03,233.45,2014,4,3,Thursday,3,0
2014-01-04,288.06,2014,1,4,Saturday,5,1
2014-03-31,0.852,2014,3,31,Monday,0,0
2014-12-16,1.167,2014,12,16,Tuesday,1,0
2014-09-11,127.95,2014,9,11,Thursday,3,0
2014-09-17,182.94,2014,9,17,Wednesday,2,0
2014-10-24,11.85,2014,10,24,Friday,4,0
2014-12-24,9.568,2014,12,24,Wednesday,2,0
2014-12-16,328.592,2014,12,16,Tuesday,1,0
2014-07-09,172.097,2014,7,9,Wednesday,2,0
2014-12-12,30.72,2014,12,12,Friday,4,0
2014-09-14,460.22,2014,9,14,Sunday,6,1
2014-09-10,336.82,2014,9,10,Wednesday,2,0
2014-12-13,90.24,2014,12,13,Saturday,5,1
2014-05-13,287.456,2014,5,13,Tuesday,1,0
2014-09-13,340.116,2014,9,13,Saturday,5,1
2014-03-01,651.588,2014,3,1,Saturday,5,1
2014-04-05,55.48,2014,4,5,Saturday,5,1
2014-06-16,115.952,2014,6,16,Monday,0,0
2014-09-23,18.464,2014,9,23,Tuesday,1,0
2014-07-09,68.704,2014,7,9,Wednesday,2,0
2014-05-10,372.285,2014,5,10,Saturday,5,1
2014-11-01,94.264,2014,11,1,Saturday,5,1
2014-11-05,1476.834,2014,11,5,Wednesday,2,0
2014-10-11,16.23,2014,10,11,Saturday,5,1
2014-08-20,1417.35,2014,8,20,Wednesday,2,0
2014-09-28,337.088,2014,9,28,Sunday,6,1
2014-05-13,149.97,2014,5,13,Tuesday,1,0
2014-03-14,280.276,2014,3,14,Friday,4,0
2014-12-23,109.836,2014,12,23,Tuesday,1,0
2014-06-13,14.52,2014,6,13,Friday,4,0
2014-03-11,782.63,2014,3,11,Tuesday,1,0
2014-09-26,153.824,2014,9,26,Friday,4,0
2014-05-02,26.136,2014,5,2,Friday,4,0
2014-10-18,605.34,2014,10,18,Saturday,5,1
2014-09-26,52.752,2014,9,26,Friday,4,0
2014-01-31,290.666,2014,1,31,Friday,4,0
2014-08-25,199.256,2014,8,25,Monday,0,0
2014-11-18,14.48,2014,11,18,Tuesday,1,0
2014-08-06,62.91,2014,8,6,Wednesday,2,0
2014-01-16,299.964,2014,1,16,Thursday,3,0
2014-06-09,3714.304,2014,6,9,Monday,0,0
2014-11-02,409.304,2014,11,2,Sunday,6,1
2014-11-24,2.624,2014,11,24,Monday,0,0
2014-07-15,9.51,2014,7,15,Tuesday,1,0
2014-07-26,256.48,2014,7,26,Saturday,5,1
2014-03-04,354.9,2014,3,4,Tuesday,1,0
2014-09-12,3785.292,2014,9,12,Friday,4,0
2014-11-15,362.176,2014,11,15,Saturday,5,1
2014-12-14,186.304,2014,12,14,Sunday,6,1
2014-05-08,1799.97,2014,5,8,Thursday,3,0
2014-12-15,6.16,2014,12,15,Monday,0,0
2014-06-30,47.232,2014,6,30,Monday,0,0
2014-04-26,34.0,2014,4,26,Saturday,5,1
2014-10-11,408.47,2014,10,11,Saturday,5,1
2014-09-23,9900.19,2014,9,23,Tuesday,1,0
2014-07-21,1173.616,2014,7,21,Monday,0,0
2014-03-04,15.552,2014,3,4,Tuesday,1,0
2014-10-19,13.44,2014,10,19,Sunday,6,1
2014-08-01,202.896,2014,8,1,Friday,4,0
2014-10-07,129.92,2014,10,7,Tuesday,1,0
2014-07-22,1136.092,2014,7,22,Tuesday,1,0
2014-09-21,6.57,2014,9,21,Sunday,6,1
2014-05-21,3333.9,2014,5,21,Wednesday,2,0
2014-05-04,46.8,2014,5,4,Sunday,6,1
2014-09-07,643.78,2014,9,7,Sunday,6,1
2014-01-13,40.846,2014,1,13,Monday,0,0
2014-12-29,8.736,2014,12,29,Monday,0,0
2014-04-29,19.98,2014,4,29,Tuesday,1,0
2014-03-17,249.92,2014,3,17,Monday,0,0
2014-08-05,472.044,2014,8,5,Tuesday,1,0
2014-04-28,526.96,2014,4,28,Monday,0,0
2014-11-27,3.76,2014,11,27,Thursday,3,0
2014-11-16,730.8525,2014,11,16,Sunday,6,1
2014-11-25,1393.872,2014,11,25,Tuesday,1,0
2014-05-11,122.052,2014,5,11,Sunday,6,1
2014-11-17,3116.49,2014,11,17,Monday,0,0
2014-12-15,8.544,2014,12,15,Monday,0,0
2014-11-03,5.76,2014,11,3,Monday,0,0
2014-10-08,123.92,2014,10,8,Wednesday,2,0
2014-07-04,209.968,2014,7,4,Friday,4,0
2014-12-27,11.56,2014,12,27,Saturday,5,1
2014-11-07,317.48,2014,11,7,Friday,4,0
2014-09-20,504.55,2014,9,20,Saturday,5,1
2014-08-24,25.5,2014,8,24,Sunday,6,1
2014-12-01,2854.48,2014,12,1,Monday,0,0
2014-11-23,46.088,2014,11,23,Sunday,6,1
2014-11-02,799.92,2014,11,2,Sunday,6,1
2014-12-19,1979.89,2014,12,19,Friday,4,0
2014-10-03,57.908,2014,10,3,Friday,4,0
2014-03-23,935.152,2014,3,23,Sunday,6,1
2014-12-20,84.872,2014,12,20,Saturday,5,1
2014-09-27,87.54,2014,9,27,Saturday,5,1
2014-11-06,43.68,2014,11,6,Thursday,3,0
2014-11-10,1194.87,2014,11,10,Monday,0,0
2014-11-28,17.248,2014,11,28,Friday,4,0
2014-11-04,66.616,2014,11,4,Tuesday,1,0
2014-11-03,840.712,2014,11,3,Monday,0,0
2014-11-28,998.85,2014,11,28,Friday,4,0
2014-05-06,140.736,2014,5,6,Tuesday,1,0
2014-08-19,10.72,2014,8,19,Tuesday,1,0
2014-02-14,560.55,2014,2,14,Friday,4,0
2014-04-08,172.11,2014,4,8,Tuesday,1,0
2014-04-22,257.752,2014,4,22,Tuesday,1,0
2014-11-24,111.15,2014,11,24,Monday,0,0
2014-04-13,630.746,2014,4,13,Sunday,6,1
2014-02-16,9.04,2014,2,16,Sunday,6,1
2014-11-25,52.96,2014,11,25,Tuesday,1,0
2014-11-12,153.112,2014,11,12,Wednesday,2,0
2014-07-22,19.68,2014,7,22,Tuesday,1,0
2014-12-03,479.96,2014,12,3,Wednesday,2,0
2014-09-07,539.074,2014,9,7,Sunday,6,1
2014-09-29,2358.672,2014,9,29,Monday,0,0
2014-06-30,5.248,2014,6,30,Monday,0,0
2014-09-08,16.78,2014,9,8,Monday,0,0
2014-07-11,586.336,2014,7,11,Friday,4,0
2014-08-22,3.912,2014,8,22,Friday,4,0
2014-08-26,176.8,2014,8,26,Tuesday,1,0
2014-07-18,259.136,2014,7,18,Friday,4,0
2014-10-13,7.752,2014,10,13,Monday,0,0
2014-11-07,123.144,2014,11,7,Friday,4,0
2014-09-24,211.96,2014,9,24,Wednesday,2,0
2014-02-02,199.296,2014,2,2,Sunday,6,1
2014-01-18,64.864,2014,1,18,Saturday,5,1
2014-11-07,100.398,2014,11,7,Friday,4,0
2014-06-18,139.8,2014,6,18,Wednesday,2,0
2014-12-17,40.05,2014,12,17,Wednesday,2,0
2014-04-07,8.96,2014,4,7,Monday,0,0
2014-12-13,93.174,2014,12,13,Saturday,5,1
2014-12-16,1403.92,2014,12,16,Tuesday,1,0
2014-10-17,130.756,2014,10,17,Friday,4,0
2014-05-27,926.44,2014,5,27,Tuesday,1,0
2014-07-14,39.48,2014,7,14,Monday,0,0
2014-08-08,1109.725,2014,8,8,Friday,4,0
2014-09-21,66.03,2014,9,21,Sunday,6,1
2014-05-02,479.984,2014,5,2,Friday,4,0
2014-06-22,663.75,2014,6,22,Sunday,6,1
2014-08-27,1812.01,2014,8,27,Wednesday,2,0
2014-11-18,867.74,2014,11,18,Tuesday,1,0
2014-07-27,238.0,2014,7,27,Sunday,6,1
2014-08-05,489.23,2014,8,5,Tuesday,1,0
2014-11-26,414.63,2014,11,26,Wednesday,2,0
2014-08-23,424.376,2014,8,23,Saturday,5,1
2014-07-12,59.696,2014,7,12,Saturday,5,1
2014-09-29,1609.32,2014,9,29,Monday,0,0
2014-09-28,106.944,2014,9,28,Sunday,6,1
2014-05-16,232.88,2014,5,16,Friday,4,0
2014-09-03,14.4,2014,9,3,Wednesday,2,0
2014-09-21,68.71,2014,9,21,Sunday,6,1
2014-12-05,521.224,2014,12,5,Friday,4,0
2014-11-14,876.73,2014,11,14,Friday,4,0
2014-08-03,163.62,2014,8,3,Sunday,6,1
2014-11-22,9.96,2014,11,22,Saturday,5,1
2014-09-10,1508.768,2014,9,10,Wednesday,2,0
2014-02-08,14.56,2014,2,8,Saturday,5,1
2014-11-04,1729.416,2014,11,4,Tuesday,1,0
2014-09-20,3519.37,2014,9,20,Saturday,5,1
2014-06-23,86.376,2014,6,23,Monday,0,0
2014-09-07,321.978,2014,9,7,Sunday,6,1
2014-08-25,38.064,2014,8,25,Monday,0,0
2014-09-13,2.502,2014,9,13,Saturday,5,1
2014-12-23,5.184,2014,12,23,Tuesday,1,0
2014-08-04,2126.034,2014,8,4,Monday,0,0
2014-09-09,2304.37,2014,9,9,Tuesday,1,0
2014-09-20,8.56,2014,9,20,Saturday,5,1
2014-09-01,53.94,2014,9,1,Monday,0,0
2014-09-29,2354.98,2014,9,29,Monday,0,0
2014-07-26,1891.316,2014,7,26,Saturday,5,1
2014-12-29,38.976,2014,12,29,Monday,0,0
2014-11-01,15.696,2014,11,1,Saturday,5,1
2014-06-15,36.544,2014,6,15,Sunday,6,1
2014-08-11,76.28,2014,8,11,Monday,0,0
2014-11-24,721.476,2014,11,24,Monday,0,0
2014-05-12,34.79,2014,5,12,Monday,0,0
2014-05-21,186.908,2014,5,21,Wednesday,2,0
2014-12-04,129.98,2014,12,4,Thursday,3,0
2014-09-19,2692.329,2014,9,19,Friday,4,0
2014-12-31,49.568,2014,12,31,Wednesday,2,0
2014-11-25,1273.623,2014,11,25,Tuesday,1,0
2014-09-22,4.608,2014,9,22,Monday,0,0
2014-05-11,35.91,2014,5,11,Sunday,6,1
2014-11-15,803.04,2014,11,15,Saturday,5,1
2014-09-26,310.12,2014,9,26,Friday,4,0
2014-02-11,1508.13,2014,2,11,Tuesday,1,0
2014-07-22,165.94,2014,7,22,Tuesday,1,0
2014-03-17,126.624,2014,3,17,Monday,0,0
2014-07-20,602.43,2014,7,20,Sunday,6,1
2014-09-02,21.24,2014,9,2,Tuesday,1,0
2014-03-03,161.07,2014,3,3,Monday,0,0
2014-03-31,726.548,2014,3,31,Monday,0,0
2014-11-19,5.88,2014,11,19,Wednesday,2,0
2014-06-21,1326.69,2014,6,21,Saturday,5,1
2014-11-17,6160.616,2014,11,17,Monday,0,0
2014-03-25,92.36,2014,3,25,Tuesday,1,0
2014-11-11,2158.694,2014,11,11,Tuesday,1,0
2014-10-11,7.64,2014,10,11,Saturday,5,1
2014-11-15,10.95,2014,11,15,Saturday,5,1
2014-09-08,254.97,2014,9,8,Monday,0,0
2014-04-07,752.92,2014,4,7,Monday,0,0
2014-11-15,604.656,2014,11,15,Saturday,5,1
2014-08-03,93.024,2014,8,3,Sunday,6,1
2014-11-22,1022.61,2014,11,22,Saturday,5,1
2014-11-02,609.438,2014,11,2,Sunday,6,1
2014-08-17,15.552,2014,8,17,Sunday,6,1
2014-07-21,751.886,2014,7,21,Monday,0,0
2014-12-08,265.784,2014,12,8,Monday,0,0
2014-05-26,48.4,2014,5,26,Monday,0,0
2014-12-13,12.39,2014,12,13,Saturday,5,1
2014-07-12,706.064,2014,7,12,Saturday,5,1
2014-12-15,445.802,2014,12,15,Monday,0,0
2014-01-11,9.94,2014,1,11,Saturday,5,1
2014-05-19,34.2,2014,5,19,Monday,0,0
2014-05-03,21.56,2014,5,3,Saturday,5,1
2014-03-03,176.772,2014,3,3,Monday,0,0
2014-03-31,1142.165,2014,3,31,Monday,0,0
2014-09-06,100.36,2014,9,6,Saturday,5,1
2014-12-14,9.264,2014,12,14,Sunday,6,1
2014-06-21,697.32,2014,6,21,Saturday,5,1
2014-05-20,108.444,2014,5,20,Tuesday,1,0
2014-10-24,34.272,2014,10,24,Friday,4,0
2014-01-06,19.44,2014,1,6,Monday,0,0
2014-11-17,7.08,2014,11,17,Monday,0,0
2014-08-22,7.632,2014,8,22,Friday,4,0
2014-12-30,9.84,2014,12,30,Tuesday,1,0
2014-09-07,1040.19,2014,9,7,Sunday,6,1
2014-03-01,574.194,2014,3,1,Saturday,5,1
2014-12-01,58.2,2014,12,1,Monday,0,0
2014-03-30,205.666,2014,3,30,Sunday,6,1
2014-07-12,134.4,2014,7,12,Saturday,5,1
2014-04-28,1679.96,2014,4,28,Monday,0,0
2014-08-08,2049.816,2014,8,8,Friday,4,0
2014-12-01,95.968,2014,12,1,Monday,0,0
2014-07-28,193.152,2014,7,28,Monday,0,0
2014-12-30,158.388,2014,12,30,Tuesday,1,0
2014-02-06,321.56,2014,2,6,Thursday,3,0
2014-06-01,3745.63,2014,6,1,Sunday,6,1
2014-09-17,318.293,2014,9,17,Wednesday,2,0
2014-10-13,389.74,2014,10,13,Monday,0,0
2014-11-04,52.064,2014,11,4,Tuesday,1,0
2014-09-26,604.992,2014,9,26,Friday,4,0
2014-09-08,49.98,2014,9,8,Monday,0,0
2014-10-06,15.36,2014,10,6,Monday,0,0
2014-06-09,1441.3,2014,6,9,Monday,0,0
2014-09-19,92.52,2014,9,19,Friday,4,0
2014-10-07,107.44,2014,10,7,Tuesday,1,0
2014-12-02,119.8,2014,12,2,Tuesday,1,0
2014-12-24,13.97,2014,12,24,Wednesday,2,0
2014-09-13,267.552,2014,9,13,Saturday,5,1
2014-04-28,159.98,2014,4,28,Monday,0,0
2014-08-19,358.696,2014,8,19,Tuesday,1,0
2014-04-04,84.83,2014,4,4,Friday,4,0
2014-06-06,13.36,2014,6,6,Friday,4,0
2014-07-11,67.4,2014,7,11,Friday,4,0
2014-02-22,19.44,2014,2,22,Saturday,5,1
2014-06-22,8.226,2014,6,22,Sunday,6,1
2014-03-30,60.24,2014,3,30,Sunday,6,1
2014-12-22,11.76,2014,12,22,Monday,0,0
2014-12-31,2846.22,2014,12,31,Wednesday,2,0
2014-11-05,47.79,2014,11,5,Wednesday,2,0
2014-08-03,221.35,2014,8,3,Sunday,6,1
2014-09-20,64.152,2014,9,20,Saturday,5,1
2014-06-09,142.344,2014,6,9,Monday,0,0
2014-11-18,21.396,2014,11,18,Tuesday,1,0
2014-12-05,90.58,2014,12,5,Friday,4,0
2014-06-09,30.46,2014,6,9,Monday,0,0
2014-05-18,3.984,2014,5,18,Sunday,6,1
2014-04-29,17.46,2014,4,29,Tuesday,1,0
2014-01-30,240.5,2014,1,30,Thursday,3,0
2014-08-04,617.12,2014,8,4,Monday,0,0
2014-07-06,559.992,2014,7,6,Sunday,6,1
2014-11-01,2027.144,2014,11,1,Saturday,5,1
2014-12-20,732.312,2014,12,20,Saturday,5,1
2014-04-20,1190.53,2014,4,20,Sunday,6,1
2014-12-21,18.24,2014,12,21,Sunday,6,1
2014-10-06,9.09,2014,10,6,Monday,0,0
2014-11-02,94.732,2014,11,2,Sunday,6,1
2014-11-22,53.82,2014,11,22,Saturday,5,1
2014-01-09,40.544,2014,1,9,Thursday,3,0
2014-12-08,649.6,2014,12,8,Monday,0,0
2014-06-03,515.88,2014,6,3,Tuesday,1,0
2014-08-29,123.28,2014,8,29,Friday,4,0
2014-05-03,51.072,2014,5,3,Saturday,5,1
2014-05-28,85.008,2014,5,28,Wednesday,2,0
2014-11-29,5.04,2014,11,29,Saturday,5,1
2014-04-21,828.84,2014,4,21,Monday,0,0
2014-12-16,1308.196,2014,12,16,Tuesday,1,0
2014-12-20,2884.37,2014,12,20,Saturday,5,1
2014-06-16,647.84,2014,6,16,Monday,0,0
2014-04-06,44.91,2014,4,6,Sunday,6,1
2014-09-05,31.984,2014,9,5,Friday,4,0
2014-10-20,862.202,2014,10,20,Monday,0,0
2014-03-29,890.841,2014,3,29,Saturday,5,1
2014-09-30,43.176,2014,9,30,Tuesday,1,0
2014-08-06,199.98,2014,8,6,Wednesday,2,0
2014-11-03,286.344,2014,11,3,Monday,0,0
2014-10-09,88.768,2014,10,9,Thursday,3,0
2014-08-15,30.96,2014,8,15,Friday,4,0
2014-12-30,27.968,2014,12,30,Tuesday,1,0
2014-09-15,29.5,2014,9,15,Monday,0,0
2014-12-09,1110.648,2014,12,9,Tuesday,1,0
2014-09-19,73.915,2014,9,19,Friday,4,0
2014-07-18,13.904,2014,7,18,Friday,4,0
2014-10-09,160.592,2014,10,9,Thursday,3,0
2014-12-05,24.56,2014,12,5,Friday,4,0
2014-06-21,385.261,2014,6,21,Saturday,5,1
2014-04-01,73.2,2014,4,1,Tuesday,1,0
2014-03-26,66.3,2014,3,26,Wednesday,2,0
2014-10-18,249.472,2014,10,18,Saturday,5,1
2014-05-23,12.96,2014,5,23,Friday,4,0
2014-09-12,192.424,2014,9,12,Friday,4,0
2014-12-20,596.664,2014,12,20,Saturday,5,1
2014-07-04,37.44,2014,7,4,Friday,4,0
2014-12-07,8.64,2014,12,7,Sunday,6,1
2014-04-11,758.352,2014,4,11,Friday,4,0
2014-05-11,46.864,2014,5,11,Sunday,6,1
2014-05-27,1213.494,2014,5,27,Tuesday,1,0
2014-11-23,14.67,2014,11,23,Sunday,6,1
2014-11-01,76.12,2014,11,1,Saturday,5,1
2014-10-12,36.29,2014,10,12,Sunday,6,1
2014-10-25,54.474,2014,10,25,Saturday,5,1
2014-12-26,361.608,2014,12,26,Friday,4,0
2014-12-17,5.484,2014,12,17,Wednesday,2,0
2014-02-02,12.35,2014,2,2,Sunday,6,1
2014-09-08,10539.896,2014,9,8,Monday,0,0
2014-03-21,13.456,2014,3,21,Friday,4,0
2014-09-08,8.608,2014,9,8,Monday,0,0
2014-09-13,79.4,2014,9,13,Saturday,5,1
2014-05-13,405.456,2014,5,13,Tuesday,1,0
2014-04-28,211.576,2014,4,28,Monday,0,0
2014-11-20,907.56,2014,11,20,Thursday,3,0
2014-10-10,137.632,2014,10,10,Friday,4,0
2014-05-30,719.976,2014,5,30,Friday,4,0
2014-06-14,212.94,2014,6,14,Saturday,5,1
2014-11-17,1075.37,2014,11,17,Monday,0,0
2014-11-11,707.628,2014,11,11,Tuesday,1,0
2014-02-01,468.9,2014,2,1,Saturday,5,1
2014-12-20,447.944,2014,12,20,Saturday,5,1
2014-06-28,1639.711,2014,6,28,Saturday,5,1
2014-09-30,69.216,2014,9,30,Tuesday,1,0
2014-08-15,62.94,2014,8,15,Friday,4,0
2014-11-26,67.112,2014,11,26,Wednesday,2,0
2014-09-16,33.552,2014,9,16,Tuesday,1,0
2014-11-18,67.15,2014,11,18,Tuesday,1,0
2014-06-21,21.4,2014,6,21,Saturday,5,1
2014-06-03,15.28,2014,6,3,Tuesday,1,0
2014-12-28,2583.19,2014,12,28,Sunday,6,1
2014-09-25,14.576,2014,9,25,Thursday,3,0
2014-12-12,43.31,2014,12,12,Friday,4,0
2014-09-30,795.408,2014,9,30,Tuesday,1,0
2014-07-20,176.494,2014,7,20,Sunday,6,1
2014-06-21,1214.85,2014,6,21,Saturday,5,1
2014-01-05,19.536,2014,1,5,Sunday,6,1
2014-03-26,60.08,2014,3,26,Wednesday,2,0
2014-08-09,5.98,2014,8,9,Saturday,5,1
2014-06-22,196.752,2014,6,22,Sunday,6,1
2014-12-23,207.24,2014,12,23,Tuesday,1,0
2014-12-22,274.096,2014,12,22,Monday,0,0
2014-10-21,531.382,2014,10,21,Tuesday,1,0
2014-04-29,69.9,2014,4,29,Tuesday,1,0
2014-09-13,561.73,2014,9,13,Saturday,5,1
2014-08-16,853.092,2014,8,16,Saturday,5,1
2014-10-08,23.472,2014,10,8,Wednesday,2,0
2014-07-20,53.344,2014,7,20,Sunday,6,1
2014-04-12,39.68,2014,4,12,Saturday,5,1
2014-10-18,63.304,2014,10,18,Saturday,5,1
2014-10-15,15.384,2014,10,15,Wednesday,2,0
2014-12-01,327.56,2014,12,1,Monday,0,0
2014-08-27,244.76,2014,8,27,Wednesday,2,0
2014-12-28,1049.97,2014,12,28,Sunday,6,1
2014-08-31,92.52,2014,8,31,Sunday,6,1
2014-05-24,116.28,2014,5,24,Saturday,5,1
2014-03-24,40.48,2014,3,24,Monday,0,0
2014-05-22,180.93,2014,5,22,Thursday,3,0
2014-07-20,1340.976,2014,7,20,Sunday,6,1
2014-07-25,8319.29,2014,7,25,Friday,4,0
2014-05-26,475.788,2014,5,26,Monday,0,0
2014-12-08,119.32,2014,12,8,Monday,0,0
2014-06-10,491.55,2014,6,10,Tuesday,1,0
2014-09-09,103.6,2014,9,9,Tuesday,1,0
2014-06-17,3290.516,2014,6,17,Tuesday,1,0
2014-11-19,4548.81,2014,11,19,Wednesday,2,0
2014-11-09,1517.574,2014,11,9,Sunday,6,1
2014-09-26,68.53,2014,9,26,Friday,4,0
2014-09-13,5.46,2014,9,13,Saturday,5,1
2014-07-23,992.828,2014,7,23,Wednesday,2,0
2014-03-18,23661.228,2014,3,18,Tuesday,1,0
2014-10-31,2116.506,2014,10,31,Friday,4,0
2014-12-14,6999.96,2014,12,14,Sunday,6,1
2014-09-14,26.128,2014,9,14,Sunday,6,1
2014-05-30,355.455,2014,5,30,Friday,4,0
2014-11-17,479.9,2014,11,17,Monday,0,0
2014-09-08,1166.716,2014,9,8,Monday,0,0
2014-08-30,121.24,2014,8,30,Saturday,5,1
2014-07-25,22.0,2014,7,25,Friday,4,0
2014-01-19,378.594,2014,1,19,Sunday,6,1
2014-06-30,334.768,2014,6,30,Monday,0,0
2014-10-20,211.96,2014,10,20,Monday,0,0
2014-11-03,147.344,2014,11,3,Monday,0,0
2014-09-08,176.284,2014,9,8,Monday,0,0
2014-11-30,150.232,2014,11,30,Sunday,6,1
2014-12-22,216.4,2014,12,22,Monday,0,0
2014-05-30,13.62,2014,5,30,Friday,4,0
2014-09-29,968.3,2014,9,29,Monday,0,0
2014-11-07,36.1,2014,11,7,Friday,4,0
2014-01-23,5.94,2014,1,23,Thursday,3,0
2014-03-24,24.9,2014,3,24,Monday,0,0
2014-04-26,248.568,2014,4,26,Saturday,5,1
2014-07-06,478.48,2014,7,6,Sunday,6,1
2014-09-23,28.8,2014,9,23,Tuesday,1,0
2014-06-04,16.224,2014,6,4,Wednesday,2,0
2014-03-22,388.704,2014,3,22,Saturday,5,1
2014-10-27,22.32,2014,10,27,Monday,0,0
2014-09-23,11.12,2014,9,23,Tuesday,1,0
2014-12-27,946.764,2014,12,27,Saturday,5,1
2014-11-30,6.642,2014,11,30,Sunday,6,1
2014-12-10,117.704,2014,12,10,Wednesday,2,0
2014-03-25,366.786,2014,3,25,Tuesday,1,0
2014-01-20,38.66,2014,1,20,Monday,0,0
2014-05-17,91.68,2014,5,17,Saturday,5,1
2014-11-02,88.776,2014,11,2,Sunday,6,1
2014-11-01,599.896,2014,11,1,Saturday,5,1
2014-12-14,43.016,2014,12,14,Sunday,6,1
2014-01-10,54.83,2014,1,10,Friday,4,0
2014-11-23,62.808,2014,11,23,Sunday,6,1
2014-04-05,770.61,2014,4,5,Saturday,5,1
2014-11-04,35.34,2014,11,4,Tuesday,1,0
2014-01-14,61.96,2014,1,14,Tuesday,1,0
2014-04-04,364.93,2014,4,4,Friday,4,0
2014-09-15,103.936,2014,9,15,Monday,0,0
2014-11-16,273.96,2014,11,16,Sunday,6,1
2014-03-15,370.782,2014,3,15,Saturday,5,1
2014-12-05,250.26,2014,12,5,Friday,4,0
2014-12-31,1573.488,2014,12,31,Wednesday,2,0
2014-07-08,63.882,2014,7,8,Tuesday,1,0
2014-10-10,46.872,2014,10,10,Friday,4,0
2014-08-05,78.12,2014,8,5,Tuesday,1,0
2014-11-19,503.13,2014,11,19,Wednesday,2,0
2014-04-08,499.552,2014,4,8,Tuesday,1,0
2014-12-01,1614.124,2014,12,1,Monday,0,0
2014-04-05,101.728,2014,4,5,Saturday,5,1
2014-11-12,49.632,2014,11,12,Wednesday,2,0
2014-12-05,362.466,2014,12,5,Friday,4,0
2014-11-12,641.024,2014,11,12,Wednesday,2,0
2014-10-14,1885.27,2014,10,14,Tuesday,1,0
2014-12-16,114.2,2014,12,16,Tuesday,1,0
2014-11-14,20.736,2014,11,14,Friday,4,0
2014-08-08,217.352,2014,8,8,Friday,4,0
2014-09-02,239.976,2014,9,2,Tuesday,1,0
2014-06-06,100.24,2014,6,6,Friday,4,0
2014-06-04,440.048,2014,6,4,Wednesday,2,0
2014-09-20,2.816,2014,9,20,Saturday,5,1
2014-10-22,129.92,2014,10,22,Wednesday,2,0
2014-10-13,1549.77,2014,10,13,Monday,0,0
2014-05-11,1212.96,2014,5,11,Sunday,6,1
2014-10-05,99.98,2014,10,5,Sunday,6,1
2014-06-30,310.688,2014,6,30,Monday,0,0
2014-09-02,1793.98,2014,9,2,Tuesday,1,0
2014-08-01,19.752,2014,8,1,Friday,4,0
2014-12-29,57.266,2014,12,29,Monday,0,0
2014-10-05,91.92,2014,10,5,Sunday,6,1
2014-05-21,711.68,2014,5,21,Wednesday,2,0
2014-11-01,75.16,2014,11,1,Saturday,5,1
2014-03-14,583.358,2014,3,14,Friday,4,0
2014-07-05,4.368,2014,7,5,Saturday,5,1
2014-02-18,12.624,2014,2,18,Tuesday,1,0
2014-12-27,521.92,2014,12,27,Saturday,5,1
2014-07-01,19.92,2014,7,1,Tuesday,1,0
2014-10-04,110.098,2014,10,4,Saturday,5,1
2014-11-03,6.72,2014,11,3,Monday,0,0
2014-04-06,436.488,2014,4,6,Sunday,6,1
2014-11-24,1537.544,2014,11,24,Monday,0,0
2014-12-16,1015.816,2014,12,16,Tuesday,1,0
2014-08-12,286.65,2014,8,12,Tuesday,1,0
2014-09-21,451.284,2014,9,21,Sunday,6,1
2014-10-03,258.279,2014,10,3,Friday,4,0
2014-11-29,606.32,2014,11,29,Saturday,5,1
2014-12-02,463.04,2014,12,2,Tuesday,1,0
2014-12-23,619.848,2014,12,23,Tuesday,1,0
2014-02-17,54.208,2014,2,17,Monday,0,0
2014-12-13,2.92,2014,12,13,Saturday,5,1
2014-12-07,164.88,2014,12,7,Sunday,6,1
2014-04-12,1840.043,2014,4,12,Saturday,5,1
2014-10-29,2735.952,2014,10,29,Wednesday,2,0
2014-08-11,375.34,2014,8,11,Monday,0,0
2014-08-08,423.28,2014,8,8,Friday,4,0
2014-11-21,101.57,2014,11,21,Friday,4,0
2014-08-23,49.568,2014,8,23,Saturday,5,1
2014-12-21,1897.92,2014,12,21,Sunday,6,1
2014-06-22,1106.77,2014,6,22,Sunday,6,1
2014-04-16,39.072,2014,4,16,Wednesday,2,0
2014-10-19,306.112,2014,10,19,Sunday,6,1
2014-05-04,27.46,2014,5,4,Sunday,6,1
2014-12-06,42.208,2014,12,6,Saturday,5,1
2014-11-03,11.64,2014,11,3,Monday,0,0
2014-11-11,545.928,2014,11,11,Tuesday,1,0
2014-03-03,19.456,2014,3,3,Monday,0,0
2014-05-12,700.056,2014,5,12,Monday,0,0
2014-04-30,47.79,2014,4,30,Wednesday,2,0
2014-09-22,693.992,2014,9,22,Monday,0,0
2014-08-12,457.744,2014,8,12,Tuesday,1,0
2014-12-24,30.36,2014,12,24,Wednesday,2,0
2014-06-17,62.016,2014,6,17,Tuesday,1,0
2014-05-26,576.234,2014,5,26,Monday,0,0
2014-09-20,31.68,2014,9,20,Saturday,5,1
2014-02-27,19.456,2014,2,27,Thursday,3,0
2014-03-07,309.592,2014,3,7,Friday,4,0
2014-12-20,694.534,2014,12,20,Saturday,5,1
2014-09-19,7.16,2014,9,19,Friday,4,0
2014-08-08,155.456,2014,8,8,Friday,4,0
2014-06-28,6.08,2014,6,28,Saturday,5,1
2014-01-13,1679.749,2014,1,13,Monday,0,0
2014-07-20,112.542,2014,7,20,Sunday,6,1
2014-03-16,471.92,2014,3,16,Sunday,6,1
2014-03-14,13.94,2014,3,14,Friday,4,0
2014-12-31,53.67,2014,12,31,Wednesday,2,0
2014-09-02,90.61,2014,9,2,Tuesday,1,0
2014-07-05,514.03,2014,7,5,Saturday,5,1
2014-10-03,265.784,2014,10,3,Friday,4,0
2014-10-11,465.488,2014,10,11,Saturday,5,1
2014-05-26,225.296,2014,5,26,Monday,0,0
2014-04-21,16.52,2014,4,21,Monday,0,0
2014-09-22,210.13,2014,9,22,Monday,0,0
2014-11-19,682.91,2014,11,19,Wednesday,2,0
2014-09-02,559.71,2014,9,2,Tuesday,1,0
2014-03-11,108.92,2014,3,11,Tuesday,1,0
2014-11-10,807.686,2014,11,10,Monday,0,0
2014-03-17,25.184,2014,3,17,Monday,0,0
2014-04-19,129.33,2014,4,19,Saturday,5,1
2014-11-24,151.72,2014,11,24,Monday,0,0
2014-05-09,158.71,2014,5,9,Friday,4,0
2014-07-26,111.93,2014,7,26,Saturday,5,1
2014-09-14,149.56,2014,9,14,Sunday,6,1
2014-11-07,725.332,2014,11,7,Friday,4,0
2014-06-25,447.84,2014,6,25,Wednesday,2,0
2014-09-30,15.24,2014,9,30,Tuesday,1,0
2014-06-06,1158.448,2014,6,6,Friday,4,0
2014-11-23,23.472,2014,11,23,Sunday,6,1
2014-12-07,105.52,2014,12,7,Sunday,6,1
2014-05-10,201.73,2014,5,10,Saturday,5,1
2014-11-28,183.61,2014,11,28,Friday,4,0
2014-06-24,4.272,2014,6,24,Tuesday,1,0
2014-11-17,670.378,2014,11,17,Monday,0,0
2014-09-19,5.67,2014,9,19,Friday,4,0
2014-11-16,5.22,2014,11,16,Sunday,6,1
2014-04-30,1000.95,2014,4,30,Wednesday,2,0
2014-12-20,190.848,2014,12,20,Saturday,5,1
2014-06-09,134.6,2014,6,9,Monday,0,0
2014-04-02,177.68,2014,4,2,Wednesday,2,0
2014-05-05,45.248,2014,5,5,Monday,0,0
2014-09-14,4283.792,2014,9,14,Sunday,6,1
2014-07-01,581.104,2014,7,1,Tuesday,1,0
2014-11-18,392.94,2014,11,18,Tuesday,1,0
2014-08-09,13.809,2014,8,9,Saturday,5,1
2014-07-12,554.166,2014,7,12,Saturday,5,1
2014-11-14,32.4,2014,11,14,Friday,4,0
2014-03-30,714.966,2014,3,30,Sunday,6,1
2014-10-26,447.88,2014,10,26,Sunday,6,1
2014-11-14,24.24,2014,11,14,Friday,4,0
2014-08-01,5.68,2014,8,1,Friday,4,0
2014-01-13,1287.26,2014,1,13,Monday,0,0
2014-12-27,62.968,2014,12,27,Saturday,5,1
2014-12-19,832.138,2014,12,19,Friday,4,0
2014-11-28,14.67,2014,11,28,Friday,4,0
2014-11-24,646.2,2014,11,24,Monday,0,0
2014-03-21,3769.56,2014,3,21,Friday,4,0
2014-09-08,116.85,2014,9,8,Monday,0,0
2014-12-20,192.186,2014,12,20,Saturday,5,1
2014-11-11,1167.296,2014,11,11,Tuesday,1,0
2014-12-27,767.214,2014,12,27,Saturday,5,1
2014-11-18,1109.372,2014,11,18,Tuesday,1,0
2014-07-11,1368.62,2014,7,11,Friday,4,0
2014-09-23,139.44,2014,9,23,Tuesday,1,0
2014-09-23,44.34,2014,9,23,Tuesday,1,0
2014-10-14,2003.12,2014,10,14,Tuesday,1,0
2014-06-03,210.176,2014,6,3,Tuesday,1,0
2014-07-14,111.05,2014,7,14,Monday,0,0
2014-11-18,181.788,2014,11,18,Tuesday,1,0
2014-05-18,165.168,2014,5,18,Sunday,6,1
2014-12-28,99.136,2014,12,28,Sunday,6,1
2014-04-02,1220.67,2014,4,2,Wednesday,2,0
2014-09-26,143.952,2014,9,26,Friday,4,0
2014-06-25,344.92,2014,6,25,Wednesday,2,0
2014-11-25,371.52,2014,11,25,Tuesday,1,0
2014-10-13,264.92,2014,10,13,Monday,0,0
2014-03-23,9.912,2014,3,23,Sunday,6,1
2014-12-03,25.92,2014,12,3,Wednesday,2,0
2014-02-20,12.96,2014,2,20,Thursday,3,0
2014-11-12,7.872,2014,11,12,Wednesday,2,0
2014-11-04,4807.372,2014,11,4,Tuesday,1,0
2014-11-11,1639.496,2014,11,11,Tuesday,1,0
2014-07-09,24.72,2014,7,9,Wednesday,2,0
2014-12-27,4.984,2014,12,27,Saturday,5,1
2014-09-01,34.752,2014,9,1,Monday,0,0
2014-12-29,48.36,2014,12,29,Monday,0,0
2014-02-21,8.85,2014,2,21,Friday,4,0
2014-02-15,21.36,2014,2,15,Saturday,5,1
2014-11-03,1395.673,2014,11,3,Monday,0,0
2014-04-07,259.29,2014,4,7,Monday,0,0
2014-06-29,32.76,2014,6,29,Sunday,6,1
2014-05-31,773.7,2014,5,31,Saturday,5,1
2014-05-07,1091.35,2014,5,7,Wednesday,2,0
2014-12-05,433.56,2014,12,5,Friday,4,0
2014-05-05,40.54,2014,5,5,Monday,0,0
2014-08-09,1310.336,2014,8,9,Saturday,5,1
2014-07-11,164.85,2014,7,11,Friday,4,0
2014-10-29,77.86,2014,10,29,Wednesday,2,0
2014-08-20,421.372,2014,8,20,Wednesday,2,0
2014-12-30,39.128,2014,12,30,Tuesday,1,0
2014-09-20,587.14,2014,9,20,Saturday,5,1
2014-06-20,1353.5296,2014,6,20,Friday,4,0
2014-03-11,18.784,2014,3,11,Tuesday,1,0
2014-10-04,589.41,2014,10,4,Saturday,5,1
2014-04-25,2061.01,2014,4,25,Friday,4,0
2014-12-27,107.346,2014,12,27,Saturday,5,1
2014-11-14,80.624,2014,11,14,Friday,4,0
2014-05-13,55.5,2014,5,13,Tuesday,1,0
2014-01-06,4374.88,2014,1,6,Monday,0,0
2014-11-24,111.79,2014,11,24,Monday,0,0
2014-11-27,199.9,2014,11,27,Thursday,3,0
2014-04-13,7.83,2014,4,13,Sunday,6,1
2014-08-09,193.936,2014,8,9,Saturday,5,1
2014-01-20,708.616,2014,1,20,Monday,0,0
2014-01-26,152.64,2014,1,26,Sunday,6,1
2014-09-19,887.103,2014,9,19,Friday,4,0
2014-07-19,6.096,2014,7,19,Saturday,5,1
2014-11-01,65.8,2014,11,1,Saturday,5,1
2014-03-01,513.861,2014,3,1,Saturday,5,1
2014-02-11,535.27,2014,2,11,Tuesday,1,0
2014-12-26,191.88,2014,12,26,Friday,4,0
2014-12-12,4630.5105,2014,12,12,Friday,4,0
2014-09-08,75.64,2014,9,8,Monday,0,0
2014-09-21,32.16,2014,9,21,Sunday,6,1
2014-11-26,1122.968,2014,11,26,Wednesday,2,0
2014-07-26,2656.716,2014,7,26,Saturday,5,1
2014-03-30,49.65,2014,3,30,Sunday,6,1
2014-03-05,705.562,2014,3,5,Wednesday,2,0
2014-06-06,63.381,2014,6,6,Friday,4,0
2014-12-19,372.12,2014,12,19,Friday,4,0
2014-04-19,76.14,2014,4,19,Saturday,5,1
2014-07-27,276.28,2014,7,27,Sunday,6,1
2014-12-09,28.836,2014,12,9,Tuesday,1,0
2014-10-20,426.942,2014,10,20,Monday,0,0
2014-08-09,2060.744,2014,8,9,Saturday,5,1
2014-08-29,709.0425,2014,8,29,Friday,4,0
2014-04-06,687.45,2014,4,6,Sunday,6,1
2014-10-21,36.36,2014,10,21,Tuesday,1,0
2015-05-14,1452.7875,2015,5,14,Thursday,3,0
2015-04-13,85.92,2015,4,13,Monday,0,0
2015-05-17,87.1,2015,5,17,Sunday,6,1
2015-11-20,258.018,2015,11,20,Friday,4,0
2015-11-22,11.61,2015,11,22,Sunday,6,1
2015-09-25,17.48,2015,9,25,Friday,4,0
2015-11-02,109.764,2015,11,2,Monday,0,0
2015-12-19,128.36,2015,12,19,Saturday,5,1
2015-09-15,150.76,2015,9,15,Tuesday,1,0
2015-05-16,255.968,2015,5,16,Saturday,5,1
2015-05-31,234.516,2015,5,31,Sunday,6,1
2015-04-06,47.952,2015,4,6,Monday,0,0
2015-04-09,370.14,2015,4,9,Thursday,3,0
2015-02-09,20.8,2015,2,9,Monday,0,0
2015-12-05,74.048,2015,12,5,Saturday,5,1
2015-02-10,77.24,2015,2,10,Tuesday,1,0
2015-09-18,443.92,2015,9,18,Friday,4,0
2015-08-27,150.22,2015,8,27,Thursday,3,0
2015-06-09,175.32,2015,6,9,Tuesday,1,0
2015-12-27,1568.862,2015,12,27,Sunday,6,1
2015-11-27,283.92,2015,11,27,Friday,4,0
2015-09-04,9.762,2015,9,4,Friday,4,0
2015-09-12,193.26,2015,9,12,Saturday,5,1
2015-09-21,199.74,2015,9,21,Monday,0,0
2015-09-22,763.508,2015,9,22,Tuesday,1,0
2015-10-12,1668.988,2015,10,12,Monday,0,0
2015-03-01,200.736,2015,3,1,Sunday,6,1
2015-08-24,3747.93,2015,8,24,Monday,0,0
2015-09-15,1918.79,2015,9,15,Tuesday,1,0
2015-04-18,106.5,2015,4,18,Saturday,5,1
2015-11-21,18.176,2015,11,21,Saturday,5,1
2015-05-21,24.588,2015,5,21,Thursday,3,0
2015-11-07,190.72,2015,11,7,Saturday,5,1
2015-04-05,263.78,2015,4,5,Sunday,6,1
2015-09-07,806.409,2015,9,7,Monday,0,0
2015-09-27,42.32,2015,9,27,Sunday,6,1
2015-02-03,74.52,2015,2,3,Tuesday,1,0
2015-07-24,525.95,2015,7,24,Friday,4,0
2015-05-30,529.14,2015,5,30,Saturday,5,1
2015-12-08,119.96,2015,12,8,Tuesday,1,0
2015-04-30,54.45,2015,4,30,Thursday,3,0
2015-12-01,13.9,2015,12,1,Tuesday,1,0
2015-06-28,260.31,2015,6,28,Sunday,6,1
2015-03-26,74.352,2015,3,26,Thursday,3,0
2015-09-24,1173.03,2015,9,24,Thursday,3,0
2015-12-27,284.44,2015,12,27,Sunday,6,1
2015-09-25,899.91,2015,9,25,Friday,4,0
2015-08-09,687.4,2015,8,9,Sunday,6,1
2015-11-05,19.824,2015,11,5,Thursday,3,0
2015-02-06,176.63,2015,2,6,Friday,4,0
2015-03-01,95.84,2015,3,1,Sunday,6,1
2015-06-13,3.424,2015,6,13,Saturday,5,1
2015-06-12,55.984,2015,6,12,Friday,4,0
2015-02-27,599.9,2015,2,27,Friday,4,0
2015-01-04,192.22,2015,1,4,Sunday,6,1
2015-05-29,85.056,2015,5,29,Friday,4,0
2015-12-11,730.038,2015,12,11,Friday,4,0
2015-05-01,84.556,2015,5,1,Friday,4,0
2015-10-02,57.504,2015,10,2,Friday,4,0
2015-01-02,115.4,2015,1,2,Friday,4,0
2015-09-01,1388.46,2015,9,1,Tuesday,1,0
2015-03-30,366.744,2015,3,30,Monday,0,0
2015-06-13,976.29,2015,6,13,Saturday,5,1
2015-11-13,723.164,2015,11,13,Friday,4,0
2015-09-15,139.216,2015,9,15,Tuesday,1,0
2015-09-05,43.0,2015,9,5,Saturday,5,1
2015-11-01,38.528,2015,11,1,Sunday,6,1
2015-11-06,11.481,2015,11,6,Friday,4,0
2015-11-24,383.61,2015,11,24,Tuesday,1,0
2015-03-29,17.64,2015,3,29,Sunday,6,1
2015-09-24,39.98,2015,9,24,Thursday,3,0
2015-11-07,1361.631,2015,11,7,Saturday,5,1
2015-09-07,41.374,2015,9,7,Monday,0,0
2015-10-18,100.86,2015,10,18,Sunday,6,1
2015-03-08,2531.88,2015,3,8,Sunday,6,1
2015-11-08,11.65,2015,11,8,Sunday,6,1
2015-11-21,697.8208,2015,11,21,Saturday,5,1
2015-02-18,96.604,2015,2,18,Wednesday,2,0
2015-10-25,79.36,2015,10,25,Sunday,6,1
2015-03-02,112.04,2015,3,2,Monday,0,0
2015-06-23,268.4,2015,6,23,Tuesday,1,0
2015-12-10,53.088,2015,12,10,Thursday,3,0
2015-04-16,12.576,2015,4,16,Thursday,3,0
2015-04-13,721.488,2015,4,13,Monday,0,0
2015-09-25,1044.63,2015,9,25,Friday,4,0
2015-12-11,10.332,2015,12,11,Friday,4,0
2015-03-20,51.84,2015,3,20,Friday,4,0
2015-09-28,18.128,2015,9,28,Monday,0,0
2015-07-10,39.92,2015,7,10,Friday,4,0
2015-11-21,39.608,2015,11,21,Saturday,5,1
2015-12-18,6.848,2015,12,18,Friday,4,0
2015-04-21,893.09,2015,4,21,Tuesday,1,0
2015-11-30,106.88,2015,11,30,Monday,0,0
2015-03-08,3.408,2015,3,8,Sunday,6,1
2015-08-28,470.36,2015,8,28,Friday,4,0
2015-05-03,665.88,2015,5,3,Sunday,6,1
2015-11-01,301.96,2015,11,1,Sunday,6,1
2015-11-08,81.135,2015,11,8,Sunday,6,1
2015-08-29,246.5,2015,8,29,Saturday,5,1
2015-01-05,90.168,2015,1,5,Monday,0,0
2015-07-06,896.38,2015,7,6,Monday,0,0
2015-09-10,106.68,2015,9,10,Thursday,3,0
2015-03-05,479.026,2015,3,5,Thursday,3,0
2015-12-19,25.488,2015,12,19,Saturday,5,1
2015-04-20,180.96,2015,4,20,Monday,0,0
2015-10-23,546.792,2015,10,23,Friday,4,0
2015-12-31,487.984,2015,12,31,Thursday,3,0
2015-11-21,508.11,2015,11,21,Saturday,5,1
2015-11-08,750.93,2015,11,8,Sunday,6,1
2015-12-31,596.48,2015,12,31,Thursday,3,0
2015-03-05,976.347,2015,3,5,Thursday,3,0
2015-09-18,2503.82,2015,9,18,Friday,4,0
2015-01-26,182.72,2015,1,26,Monday,0,0
2015-12-15,1055.142,2015,12,15,Tuesday,1,0
2015-05-25,467.04,2015,5,25,Monday,0,0
2015-10-10,45.36,2015,10,10,Saturday,5,1
2015-10-25,450.09,2015,10,25,Sunday,6,1
2015-05-08,5.248,2015,5,8,Friday,4,0
2015-11-29,1126.83,2015,11,29,Sunday,6,1
2015-12-03,53.232,2015,12,3,Thursday,3,0
2015-12-04,8.226,2015,12,4,Friday,4,0
2015-10-29,244.24,2015,10,29,Thursday,3,0
2015-12-01,41.62,2015,12,1,Tuesday,1,0
2015-03-09,4.608,2015,3,9,Monday,0,0
2015-03-02,787.53,2015,3,2,Monday,0,0
2015-05-04,946.344,2015,5,4,Monday,0,0
2015-03-17,48.84,2015,3,17,Tuesday,1,0
2015-04-04,210.992,2015,4,4,Saturday,5,1
2015-09-07,671.93,2015,9,7,Monday,0,0
2015-10-16,824.97,2015,10,16,Friday,4,0
2015-12-05,419.726,2015,12,5,Saturday,5,1
2015-11-17,1971.46,2015,11,17,Tuesday,1,0
2015-12-12,325.7,2015,12,12,Saturday,5,1
2015-10-23,186.672,2015,10,23,Friday,4,0
2015-11-20,344.372,2015,11,20,Friday,4,0
2015-06-09,113.1,2015,6,9,Tuesday,1,0
2015-07-31,52.59,2015,7,31,Friday,4,0
2015-12-01,2676.672,2015,12,1,Tuesday,1,0
2015-12-26,51.588,2015,12,26,Saturday,5,1
2015-07-09,129.52,2015,7,9,Thursday,3,0
2015-04-11,513.73,2015,4,11,Saturday,5,1
2015-11-13,115.296,2015,11,13,Friday,4,0
2015-07-18,519.96,2015,7,18,Saturday,5,1
2015-02-18,9.24,2015,2,18,Wednesday,2,0
2015-08-17,52.2,2015,8,17,Monday,0,0
2015-02-27,20.451,2015,2,27,Friday,4,0
2015-05-29,366.666,2015,5,29,Friday,4,0
2015-11-23,386.488,2015,11,23,Monday,0,0
2015-09-26,50.0,2015,9,26,Saturday,5,1
2015-02-06,5.28,2015,2,6,Friday,4,0
2015-08-31,1966.557,2015,8,31,Monday,0,0
2015-11-28,74.128,2015,11,28,Saturday,5,1
2015-07-02,27.504,2015,7,2,Thursday,3,0
2015-12-25,1230.5,2015,12,25,Friday,4,0
2015-03-19,4607.27,2015,3,19,Thursday,3,0
2015-06-19,5.904,2015,6,19,Friday,4,0
2015-11-11,542.178,2015,11,11,Wednesday,2,0
2015-11-08,10.476,2015,11,8,Sunday,6,1
2015-08-13,50.8,2015,8,13,Thursday,3,0
2015-10-11,31.95,2015,10,11,Sunday,6,1
2015-03-16,171.96,2015,3,16,Monday,0,0
2015-05-03,1058.188,2015,5,3,Sunday,6,1
2015-06-28,627.664,2015,6,28,Sunday,6,1
2015-08-05,72.65,2015,8,5,Wednesday,2,0
2015-11-20,155.16,2015,11,20,Friday,4,0
2015-08-31,58.32,2015,8,31,Monday,0,0
2015-12-21,78.192,2015,12,21,Monday,0,0
2015-04-04,1273.606,2015,4,4,Saturday,5,1
2015-10-10,8.016,2015,10,10,Saturday,5,1
2015-04-25,206.43,2015,4,25,Saturday,5,1
2015-09-22,204.6,2015,9,22,Tuesday,1,0
2015-07-12,307.168,2015,7,12,Sunday,6,1
2015-08-02,277.5,2015,8,2,Sunday,6,1
2015-12-10,25.488,2015,12,10,Thursday,3,0
2015-08-27,5.104,2015,8,27,Thursday,3,0
2015-03-19,105.688,2015,3,19,Thursday,3,0
2015-09-24,97.684,2015,9,24,Thursday,3,0
2015-11-01,2220.06,2015,11,1,Sunday,6,1
2015-12-25,1293.468,2015,12,25,Friday,4,0
2015-11-15,270.356,2015,11,15,Sunday,6,1
2015-09-03,238.152,2015,9,3,Thursday,3,0
2015-11-09,10.74,2015,11,9,Monday,0,0
2015-07-16,2048.856,2015,7,16,Thursday,3,0
2015-09-04,7.656,2015,9,4,Friday,4,0
2015-11-12,792.508,2015,11,12,Thursday,3,0
2015-08-24,14.91,2015,8,24,Monday,0,0
2015-10-19,188.23,2015,10,19,Monday,0,0
2015-05-08,8.352,2015,5,8,Friday,4,0
2015-12-14,29.22,2015,12,14,Monday,0,0
2015-07-13,1952.808,2015,7,13,Monday,0,0
2015-03-13,141.96,2015,3,13,Friday,4,0
2015-10-13,371.66,2015,10,13,Tuesday,1,0
2015-08-23,59.848,2015,8,23,Sunday,6,1
2015-11-13,84.96,2015,11,13,Friday,4,0
2015-11-08,5850.514,2015,11,8,Sunday,6,1
2015-02-08,107.982,2015,2,8,Sunday,6,1
2015-10-05,75.04,2015,10,5,Monday,0,0
2015-06-05,10.56,2015,6,5,Friday,4,0
2015-10-01,334.43,2015,10,1,Thursday,3,0
2015-12-19,6.912,2015,12,19,Saturday,5,1
2015-04-25,21.34,2015,4,25,Saturday,5,1
2015-11-21,208.008,2015,11,21,Saturday,5,1
2015-09-13,1716.16,2015,9,13,Sunday,6,1
2015-12-10,56.3,2015,12,10,Thursday,3,0
2015-04-18,209.55,2015,4,18,Saturday,5,1
2015-11-13,810.2,2015,11,13,Friday,4,0
2015-09-19,61.96,2015,9,19,Saturday,5,1
2015-09-14,25.9,2015,9,14,Monday,0,0
2015-06-26,535.36,2015,6,26,Friday,4,0
2015-06-25,413.942,2015,6,25,Thursday,3,0
2015-02-15,627.48,2015,2,15,Sunday,6,1
2015-07-06,11.12,2015,7,6,Monday,0,0
2015-11-20,205.376,2015,11,20,Friday,4,0
2015-04-09,17.94,2015,4,9,Thursday,3,0
2015-01-28,4297.644,2015,1,28,Wednesday,2,0
2015-05-02,167.232,2015,5,2,Saturday,5,1
2015-07-05,12.158,2015,7,5,Sunday,6,1
2015-04-14,35.208,2015,4,14,Tuesday,1,0
2015-02-14,652.414,2015,2,14,Saturday,5,1
2015-11-08,4404.9,2015,11,8,Sunday,6,1
2015-12-27,1228.9532,2015,12,27,Sunday,6,1
2015-11-08,376.97,2015,11,8,Sunday,6,1
2015-09-10,353.88,2015,9,10,Thursday,3,0
2015-09-21,1132.84,2015,9,21,Monday,0,0
2015-12-23,194.32,2015,12,23,Wednesday,2,0
2015-03-22,598.352,2015,3,22,Sunday,6,1
2015-12-05,12.224,2015,12,5,Saturday,5,1
2015-11-26,191.62,2015,11,26,Thursday,3,0
2015-04-24,25.99,2015,4,24,Friday,4,0
2015-03-24,359.058,2015,3,24,Tuesday,1,0
2015-11-05,387.136,2015,11,5,Thursday,3,0
2015-10-24,373.281,2015,10,24,Saturday,5,1
2015-09-13,199.86,2015,9,13,Sunday,6,1
2015-12-04,418.192,2015,12,4,Friday,4,0
2015-05-28,6.63,2015,5,28,Thursday,3,0
2015-06-16,253.34,2015,6,16,Tuesday,1,0
2015-05-23,51.45,2015,5,23,Saturday,5,1
2015-01-23,43.66,2015,1,23,Friday,4,0
2015-05-14,570.492,2015,5,14,Thursday,3,0
2015-01-09,364.07,2015,1,9,Friday,4,0
2015-12-04,41.98,2015,12,4,Friday,4,0
2015-12-26,275.058,2015,12,26,Saturday,5,1
2015-12-14,3.76,2015,12,14,Monday,0,0
2015-08-17,329.44,2015,8,17,Monday,0,0
2015-08-11,46.152,2015,8,11,Tuesday,1,0
2015-06-25,128.928,2015,6,25,Thursday,3,0
2015-12-28,54.384,2015,12,28,Monday,0,0
2015-11-21,1363.674,2015,11,21,Saturday,5,1
2015-12-01,55.424,2015,12,1,Tuesday,1,0
2015-04-05,23.904,2015,4,5,Sunday,6,1
2015-12-24,225.928,2015,12,24,Thursday,3,0
2015-03-05,31.92,2015,3,5,Thursday,3,0
2015-09-26,166.998,2015,9,26,Saturday,5,1
2015-09-14,912.75,2015,9,14,Monday,0,0
2015-07-02,32.784,2015,7,2,Thursday,3,0
2015-06-14,51.072,2015,6,14,Sunday,6,1
2015-11-16,18.9,2015,11,16,Monday,0,0
2015-08-13,5.64,2015,8,13,Thursday,3,0
2015-04-13,17.43,2015,4,13,Monday,0,0
2015-03-21,1270.379,2015,3,21,Saturday,5,1
2015-05-31,2567.84,2015,5,31,Sunday,6,1
2015-04-28,3999.702,2015,4,28,Tuesday,1,0
2015-07-23,197.76,2015,7,23,Thursday,3,0
2015-09-25,22.549,2015,9,25,Friday,4,0
2015-05-29,740.73,2015,5,29,Friday,4,0
2015-12-31,162.064,2015,12,31,Thursday,3,0
2015-09-28,601.5,2015,9,28,Monday,0,0
2015-11-03,6.608,2015,11,3,Tuesday,1,0
2015-01-03,10.368,2015,1,3,Saturday,5,1
2015-07-17,20.696,2015,7,17,Friday,4,0
2015-08-28,2017.532,2015,8,28,Friday,4,0
2015-03-29,73.28,2015,3,29,Sunday,6,1
2015-10-04,26.96,2015,10,4,Sunday,6,1
2015-03-30,204.48,2015,3,30,Monday,0,0
2015-03-22,19.56,2015,3,22,Sunday,6,1
2015-09-03,238.11,2015,9,3,Thursday,3,0
2015-12-10,1000.43,2015,12,10,Thursday,3,0
2015-08-10,64.75,2015,8,10,Monday,0,0
2015-06-11,3165.744,2015,6,11,Thursday,3,0
2015-02-16,124.55,2015,2,16,Monday,0,0
2015-11-10,2165.12,2015,11,10,Tuesday,1,0
2015-01-30,2147.336,2015,1,30,Friday,4,0
2015-06-19,205.73,2015,6,19,Friday,4,0
2015-08-21,53.28,2015,8,21,Friday,4,0
2015-11-30,258.495,2015,11,30,Monday,0,0
2015-10-31,70.12,2015,10,31,Saturday,5,1
2015-04-26,194.1395,2015,4,26,Sunday,6,1
2015-06-18,101.004,2015,6,18,Thursday,3,0
2015-09-26,188.63,2015,9,26,Saturday,5,1
2015-08-02,448.21,2015,8,2,Sunday,6,1
2015-09-07,47.516,2015,9,7,Monday,0,0
2015-12-03,485.3,2015,12,3,Thursday,3,0
2015-06-23,201.568,2015,6,23,Tuesday,1,0
2015-07-18,146.698,2015,7,18,Saturday,5,1
2015-12-03,288.85,2015,12,3,Thursday,3,0
2015-11-23,2643.06,2015,11,23,Monday,0,0
2015-11-14,1114.192,2015,11,14,Saturday,5,1
2015-03-09,473.4,2015,3,9,Monday,0,0
2015-12-14,319.968,2015,12,14,Monday,0,0
2015-06-21,107.976,2015,6,21,Sunday,6,1
2015-07-09,48.632,2015,7,9,Thursday,3,0
2015-11-22,14.94,2015,11,22,Sunday,6,1
2015-11-08,256.35,2015,11,8,Sunday,6,1
2015-10-30,299.9,2015,10,30,Friday,4,0
2015-08-24,469.398,2015,8,24,Monday,0,0
2015-07-23,10.512,2015,7,23,Thursday,3,0
2015-11-20,644.904,2015,11,20,Friday,4,0
2015-10-09,736.473,2015,10,9,Friday,4,0
2015-07-04,15.48,2015,7,4,Saturday,5,1
2015-04-27,2670.19,2015,4,27,Monday,0,0
2015-10-09,659.88,2015,10,9,Friday,4,0
2015-04-06,92.052,2015,4,6,Monday,0,0
2015-12-24,167.31,2015,12,24,Thursday,3,0
2015-09-26,1044.075,2015,9,26,Saturday,5,1
2015-07-31,3419.872,2015,7,31,Friday,4,0
2015-05-31,244.78,2015,5,31,Sunday,6,1
2015-12-26,212.64,2015,12,26,Saturday,5,1
2015-06-22,796.425,2015,6,22,Monday,0,0
2015-12-14,62.46,2015,12,14,Monday,0,0
2015-10-03,15.008,2015,10,3,Saturday,5,1
2015-03-05,132.94,2015,3,5,Thursday,3,0
2015-11-27,221.79,2015,11,27,Friday,4,0
2015-06-26,41.9,2015,6,26,Friday,4,0
2015-11-02,447.93,2015,11,2,Monday,0,0
2015-12-13,9.96,2015,12,13,Sunday,6,1
2015-04-11,121.888,2015,4,11,Saturday,5,1
2015-10-02,7.38,2015,10,2,Friday,4,0
2015-10-08,3.44,2015,10,8,Thursday,3,0
2015-09-11,399.49,2015,9,11,Friday,4,0
2015-09-27,2026.78,2015,9,27,Sunday,6,1
2015-10-03,120.666,2015,10,3,Saturday,5,1
2015-09-11,24.64,2015,9,11,Friday,4,0
2015-12-14,50.0,2015,12,14,Monday,0,0
2015-08-27,484.65,2015,8,27,Thursday,3,0
2015-11-09,2.48,2015,11,9,Monday,0,0
2015-07-12,1745.399,2015,7,12,Sunday,6,1
2015-11-07,76.64,2015,11,7,Saturday,5,1
2015-09-21,1102.472,2015,9,21,Monday,0,0
2015-11-17,1873.606,2015,11,17,Tuesday,1,0
2015-11-01,327.564,2015,11,1,Sunday,6,1
2015-09-20,2.808,2015,9,20,Sunday,6,1
2015-12-21,60.984,2015,12,21,Monday,0,0
2015-06-25,109.36,2015,6,25,Thursday,3,0
2015-09-26,743.426,2015,9,26,Saturday,5,1
2015-02-03,90.882,2015,2,3,Tuesday,1,0
2015-06-13,36.624,2015,6,13,Saturday,5,1
2015-12-19,526.736,2015,12,19,Saturday,5,1
2015-12-12,130.28,2015,12,12,Saturday,5,1
2015-12-10,5.76,2015,12,10,Thursday,3,0
2015-11-09,1085.16,2015,11,9,Monday,0,0
2015-08-08,79.99,2015,8,8,Saturday,5,1
2015-09-21,85.3,2015,9,21,Monday,0,0
2015-03-20,21.376,2015,3,20,Friday,4,0
2015-07-26,266.352,2015,7,26,Sunday,6,1
2015-10-18,277.634,2015,10,18,Sunday,6,1
2015-08-09,154.14,2015,8,9,Sunday,6,1
2015-09-14,269.49,2015,9,14,Monday,0,0
2015-03-12,45.976,2015,3,12,Thursday,3,0
2015-03-31,120.756,2015,3,31,Tuesday,1,0
2015-07-03,365.91,2015,7,3,Friday,4,0
2015-06-22,4.96,2015,6,22,Monday,0,0
2015-10-02,10.944,2015,10,2,Friday,4,0
2015-01-12,389.434,2015,1,12,Monday,0,0
2015-06-29,20.104,2015,6,29,Monday,0,0
2015-01-24,13.12,2015,1,24,Saturday,5,1
2015-09-12,21.98,2015,9,12,Saturday,5,1
2015-12-12,8.22,2015,12,12,Saturday,5,1
2015-10-09,30.84,2015,10,9,Friday,4,0
2015-11-29,30.264,2015,11,29,Sunday,6,1
2015-05-10,107.754,2015,5,10,Sunday,6,1
2015-08-08,601.44,2015,8,8,Saturday,5,1
2015-07-08,21.12,2015,7,8,Wednesday,2,0
2015-10-15,339.96,2015,10,15,Thursday,3,0
2015-11-15,166.92,2015,11,15,Sunday,6,1
2015-12-08,457.96,2015,12,8,Tuesday,1,0
2015-09-28,351.916,2015,9,28,Monday,0,0
2015-05-04,22.288,2015,5,4,Monday,0,0
2015-02-21,49.12,2015,2,21,Saturday,5,1
2015-08-22,16.52,2015,8,22,Saturday,5,1
2015-06-15,496.896,2015,6,15,Monday,0,0
2015-10-02,569.336,2015,10,2,Friday,4,0
2015-08-10,74.94,2015,8,10,Monday,0,0
2015-12-27,991.26,2015,12,27,Sunday,6,1
2015-11-13,613.9992,2015,11,13,Friday,4,0
2015-09-03,178.79,2015,9,3,Thursday,3,0
2015-03-23,59.48,2015,3,23,Monday,0,0
2015-12-14,15.24,2015,12,14,Monday,0,0
2015-04-25,349.082,2015,4,25,Saturday,5,1
2015-08-21,667.378,2015,8,21,Friday,4,0
2015-04-07,11.736,2015,4,7,Tuesday,1,0
2015-07-05,19.0,2015,7,5,Sunday,6,1
2015-12-04,2201.864,2015,12,4,Friday,4,0
2015-12-07,6.57,2015,12,7,Monday,0,0
2015-09-05,733.283,2015,9,5,Saturday,5,1
2015-04-28,44.66,2015,4,28,Tuesday,1,0
2015-10-25,582.336,2015,10,25,Sunday,6,1
2015-12-29,6.36,2015,12,29,Tuesday,1,0
2015-05-12,36.63,2015,5,12,Tuesday,1,0
2015-09-26,412.664,2015,9,26,Saturday,5,1
2015-11-02,1038.84,2015,11,2,Monday,0,0
2015-11-27,1170.918,2015,11,27,Friday,4,0
2015-11-01,4.95,2015,11,1,Sunday,6,1
2015-11-05,98.352,2015,11,5,Thursday,3,0
2015-10-19,34.44,2015,10,19,Monday,0,0
2015-08-09,3385.614,2015,8,9,Sunday,6,1
2015-10-08,72.78,2015,10,8,Thursday,3,0
2015-11-05,207.0,2015,11,5,Thursday,3,0
2015-10-31,14.28,2015,10,31,Saturday,5,1
2015-03-28,199.64,2015,3,28,Saturday,5,1
2015-09-14,170.136,2015,9,14,Monday,0,0
2015-05-28,60.87,2015,5,28,Thursday,3,0
2015-06-12,29.9,2015,6,12,Friday,4,0
2015-05-12,769.024,2015,5,12,Tuesday,1,0
2015-12-06,594.002,2015,12,6,Sunday,6,1
2015-08-22,50.112,2015,8,22,Saturday,5,1
2015-03-19,453.576,2015,3,19,Thursday,3,0
2015-03-08,8.568,2015,3,8,Sunday,6,1
2015-02-23,37.776,2015,2,23,Monday,0,0
2015-10-30,182.91,2015,10,30,Friday,4,0
2015-02-22,79.36,2015,2,22,Sunday,6,1
2015-10-10,393.186,2015,10,10,Saturday,5,1
2015-09-11,1082.15,2015,9,11,Friday,4,0
2015-10-23,1446.784,2015,10,23,Friday,4,0
2015-07-30,61.792,2015,7,30,Thursday,3,0
2015-10-31,82.74,2015,10,31,Saturday,5,1
2015-07-09,1133.82,2015,7,9,Thursday,3,0
2015-02-03,12.144,2015,2,3,Tuesday,1,0
2015-09-19,22.96,2015,9,19,Saturday,5,1
2015-09-10,51.52,2015,9,10,Thursday,3,0
2015-05-25,262.72,2015,5,25,Monday,0,0
2015-03-27,83.7,2015,3,27,Friday,4,0
2015-09-17,32.4,2015,9,17,Thursday,3,0
2015-06-18,1046.47,2015,6,18,Thursday,3,0
2015-08-13,64.68,2015,8,13,Thursday,3,0
2015-10-05,357.462,2015,10,5,Monday,0,0
2015-04-13,910.792,2015,4,13,Monday,0,0
2015-03-01,3.552,2015,3,1,Sunday,6,1
2015-03-28,22.92,2015,3,28,Saturday,5,1
2015-03-01,1283.3264,2015,3,1,Sunday,6,1
2015-05-31,22.2,2015,5,31,Sunday,6,1
2015-04-13,10.744,2015,4,13,Monday,0,0
2015-09-06,3.444,2015,9,6,Sunday,6,1
2015-12-12,526.88,2015,12,12,Saturday,5,1
2015-12-11,110.528,2015,12,11,Friday,4,0
2015-12-17,450.194,2015,12,17,Thursday,3,0
2015-04-10,156.71,2015,4,10,Friday,4,0
2015-03-16,498.93,2015,3,16,Monday,0,0
2015-10-10,1801.632,2015,10,10,Saturday,5,1
2015-10-12,412.24,2015,10,12,Monday,0,0
2015-12-27,105.42,2015,12,27,Sunday,6,1
2015-10-04,85.68,2015,10,4,Sunday,6,1
2015-12-07,436.86,2015,12,7,Monday,0,0
2015-11-07,24.4,2015,11,7,Saturday,5,1
2015-12-05,152.8,2015,12,5,Saturday,5,1
2015-09-22,80.38,2015,9,22,Tuesday,1,0
2015-05-28,632.856,2015,5,28,Thursday,3,0
2015-04-30,1022.97,2015,4,30,Thursday,3,0
2015-08-06,467.6532,2015,8,6,Thursday,3,0
2015-12-07,79.92,2015,12,7,Monday,0,0
2015-07-09,269.982,2015,7,9,Thursday,3,0
2015-03-28,20.784,2015,3,28,Saturday,5,1
2015-02-09,80.88,2015,2,9,Monday,0,0
2015-09-19,279.86,2015,9,19,Saturday,5,1
2015-09-05,67.96,2015,9,5,Saturday,5,1
2015-12-24,883.84,2015,12,24,Thursday,3,0
2015-11-24,266.294,2015,11,24,Tuesday,1,0
2015-12-30,3251.34,2015,12,30,Wednesday,2,0
2015-12-08,2079.112,2015,12,8,Tuesday,1,0
2015-11-16,2233.02,2015,11,16,Monday,0,0
2015-05-11,191.968,2015,5,11,Monday,0,0
2015-12-11,324.22,2015,12,11,Friday,4,0
2015-06-12,24.56,2015,6,12,Friday,4,0
2015-11-13,233.064,2015,11,13,Friday,4,0
2015-11-28,322.59,2015,11,28,Saturday,5,1
2015-05-31,10.272,2015,5,31,Sunday,6,1
2015-04-02,9.156,2015,4,2,Thursday,3,0
2015-11-20,139.816,2015,11,20,Friday,4,0
2015-07-11,1136.896,2015,7,11,Saturday,5,1
2015-09-10,6.08,2015,9,10,Thursday,3,0
2015-12-06,8.96,2015,12,6,Sunday,6,1
2015-09-13,177.896,2015,9,13,Sunday,6,1
2015-07-26,167.86,2015,7,26,Sunday,6,1
2015-05-08,545.91,2015,5,8,Friday,4,0
2015-05-23,925.83,2015,5,23,Saturday,5,1
2015-02-06,692.214,2015,2,6,Friday,4,0
2015-12-20,100.8,2015,12,20,Sunday,6,1
2015-03-31,79.96,2015,3,31,Tuesday,1,0
2015-12-01,4210.65,2015,12,1,Tuesday,1,0
2015-12-15,3.28,2015,12,15,Tuesday,1,0
2015-06-13,6.48,2015,6,13,Saturday,5,1
2015-04-26,485.784,2015,4,26,Sunday,6,1
2015-05-07,259.942,2015,5,7,Thursday,3,0
2015-01-13,612.458,2015,1,13,Tuesday,1,0
2015-09-19,8.4,2015,9,19,Saturday,5,1
2015-11-22,114.37,2015,11,22,Sunday,6,1
2015-06-25,204.85,2015,6,25,Thursday,3,0
2015-11-14,134.5,2015,11,14,Saturday,5,1
2015-11-30,705.068,2015,11,30,Monday,0,0
2015-09-01,979.104,2015,9,1,Tuesday,1,0
2015-04-16,2298.9,2015,4,16,Thursday,3,0
2015-09-06,197.916,2015,9,6,Sunday,6,1
2015-11-29,1542.47,2015,11,29,Sunday,6,1
2015-03-23,33.36,2015,3,23,Monday,0,0
2015-08-07,106.8,2015,8,7,Friday,4,0
2015-09-13,13.092,2015,9,13,Sunday,6,1
2015-02-27,538.92,2015,2,27,Friday,4,0
2015-05-15,51.968,2015,5,15,Friday,4,0
2015-07-17,195.466,2015,7,17,Friday,4,0
2015-11-02,197.72,2015,11,2,Monday,0,0
2015-11-14,259.864,2015,11,14,Saturday,5,1
2015-05-25,845.728,2015,5,25,Monday,0,0
2015-11-15,224.934,2015,11,15,Sunday,6,1
2015-11-22,206.962,2015,11,22,Sunday,6,1
2015-06-23,366.99,2015,6,23,Tuesday,1,0
2015-07-25,623.96,2015,7,25,Saturday,5,1
2015-10-26,5.76,2015,10,26,Monday,0,0
2015-09-10,179.886,2015,9,10,Thursday,3,0
2015-08-24,310.364,2015,8,24,Monday,0,0
2015-10-15,2717.31,2015,10,15,Thursday,3,0
2015-09-25,128.744,2015,9,25,Friday,4,0
2015-12-31,116.4,2015,12,31,Thursday,3,0
2015-06-12,64.032,2015,6,12,Friday,4,0
2015-12-13,57.32,2015,12,13,Sunday,6,1
2015-04-07,847.2,2015,4,7,Tuesday,1,0
2015-06-20,383.616,2015,6,20,Saturday,5,1
2015-03-05,257.32,2015,3,5,Thursday,3,0
2015-10-02,26.82,2015,10,2,Friday,4,0
2015-11-03,1345.418,2015,11,3,Tuesday,1,0
2015-09-07,559.93,2015,9,7,Monday,0,0
2015-07-02,246.364,2015,7,2,Thursday,3,0
2015-11-30,89.36,2015,11,30,Monday,0,0
2015-02-03,178.37,2015,2,3,Tuesday,1,0
2015-09-14,1884.144,2015,9,14,Monday,0,0
2015-06-09,495.736,2015,6,9,Tuesday,1,0
2015-10-09,655.88,2015,10,9,Friday,4,0
2015-09-17,87.168,2015,9,17,Thursday,3,0
2015-01-03,1757.8536,2015,1,3,Saturday,5,1
2015-01-19,301.742,2015,1,19,Monday,0,0
2015-11-30,440.144,2015,11,30,Monday,0,0
2015-09-20,1664.132,2015,9,20,Sunday,6,1
2015-12-14,369.56,2015,12,14,Monday,0,0
2015-11-01,205.164,2015,11,1,Sunday,6,1
2015-12-20,11.696,2015,12,20,Sunday,6,1
2015-05-25,14.73,2015,5,25,Monday,0,0
2015-11-02,374.076,2015,11,2,Monday,0,0
2015-08-07,19.152,2015,8,7,Friday,4,0
2015-04-09,369.912,2015,4,9,Thursday,3,0
2015-06-07,7.52,2015,6,7,Sunday,6,1
2015-05-08,37.94,2015,5,8,Friday,4,0
2015-08-31,20.96,2015,8,31,Monday,0,0
2015-09-18,717.12,2015,9,18,Friday,4,0
2015-07-11,676.734,2015,7,11,Saturday,5,1
2015-12-04,85.96,2015,12,4,Friday,4,0
2015-07-11,128.322,2015,7,11,Saturday,5,1
2015-04-20,117.456,2015,4,20,Monday,0,0
2015-08-15,174.49,2015,8,15,Saturday,5,1
2015-12-03,590.352,2015,12,3,Thursday,3,0
2015-04-18,1009.13,2015,4,18,Saturday,5,1
2015-10-23,3.592,2015,10,23,Friday,4,0
2015-04-16,127.764,2015,4,16,Thursday,3,0
2015-09-04,919.49,2015,9,4,Friday,4,0
2015-11-28,335.52,2015,11,28,Saturday,5,1
2015-12-05,45.04,2015,12,5,Saturday,5,1
2015-03-06,1555.244,2015,3,6,Friday,4,0
2015-10-12,99.86,2015,10,12,Monday,0,0
2015-09-17,28.524,2015,9,17,Thursday,3,0
2015-12-10,1033.234,2015,12,10,Thursday,3,0
2015-09-24,517.5,2015,9,24,Thursday,3,0
2015-05-26,610.156,2015,5,26,Tuesday,1,0
2015-09-06,46.32,2015,9,6,Sunday,6,1
2015-07-14,860.916,2015,7,14,Tuesday,1,0
2015-12-06,339.334,2015,12,6,Sunday,6,1
2015-03-19,14.496,2015,3,19,Thursday,3,0
2015-04-25,13.944,2015,4,25,Saturday,5,1
2015-09-27,99.2,2015,9,27,Sunday,6,1
2015-07-26,10.368,2015,7,26,Sunday,6,1
2015-06-26,43.056,2015,6,26,Friday,4,0
2015-12-25,414.96,2015,12,25,Friday,4,0
2015-05-10,46.688,2015,5,10,Sunday,6,1
2015-11-29,4.304,2015,11,29,Sunday,6,1
2015-06-09,12.96,2015,6,9,Tuesday,1,0
2015-05-04,26.8,2015,5,4,Monday,0,0
2015-08-21,632.148,2015,8,21,Friday,4,0
2015-11-23,420.64,2015,11,23,Monday,0,0
2015-12-25,19.584,2015,12,25,Friday,4,0
2015-06-19,5.792,2015,6,19,Friday,4,0
2015-11-05,25.344,2015,11,5,Thursday,3,0
2015-11-13,403.94,2015,11,13,Friday,4,0
2015-11-20,19.46,2015,11,20,Friday,4,0
2015-03-16,43.13,2015,3,16,Monday,0,0
2015-12-06,757.712,2015,12,6,Sunday,6,1
2015-12-25,9.96,2015,12,25,Friday,4,0
2015-12-12,32.308,2015,12,12,Saturday,5,1
2015-11-27,188.94,2015,11,27,Friday,4,0
2015-11-15,39.96,2015,11,15,Sunday,6,1
2015-03-16,6412.77,2015,3,16,Monday,0,0
2015-11-16,295.968,2015,11,16,Monday,0,0
2015-01-30,14.304,2015,1,30,Friday,4,0
2015-04-12,40.74,2015,4,12,Sunday,6,1
2015-03-24,46.9,2015,3,24,Tuesday,1,0
2015-11-05,62.8,2015,11,5,Thursday,3,0
2015-10-30,1035.8,2015,10,30,Friday,4,0
2015-11-19,867.744,2015,11,19,Thursday,3,0
2015-05-01,88.752,2015,5,1,Friday,4,0
2015-10-05,53.04,2015,10,5,Monday,0,0
2015-05-13,238.384,2015,5,13,Wednesday,2,0
2015-09-15,215.18,2015,9,15,Tuesday,1,0
2015-02-09,203.92,2015,2,9,Monday,0,0
2015-07-06,301.96,2015,7,6,Monday,0,0
2015-03-07,807.54,2015,3,7,Saturday,5,1
2015-01-02,1816.696,2015,1,2,Friday,4,0
2015-05-04,125.93,2015,5,4,Monday,0,0
2015-11-20,24.192,2015,11,20,Friday,4,0
2015-11-09,1170.72,2015,11,9,Monday,0,0
2015-08-24,2645.021,2015,8,24,Monday,0,0
2015-04-16,1483.528,2015,4,16,Thursday,3,0
2015-12-14,8.096,2015,12,14,Monday,0,0
2015-03-10,1.112,2015,3,10,Tuesday,1,0
2015-07-16,299.75,2015,7,16,Thursday,3,0
2015-06-18,13.632,2015,6,18,Thursday,3,0
2015-09-19,66.36,2015,9,19,Saturday,5,1
2015-08-02,564.768,2015,8,2,Sunday,6,1
2015-02-07,324.11,2015,2,7,Saturday,5,1
2015-11-10,577.584,2015,11,10,Tuesday,1,0
2015-05-31,1745.71,2015,5,31,Sunday,6,1
2015-09-24,35.12,2015,9,24,Thursday,3,0
2015-12-15,4190.206,2015,12,15,Tuesday,1,0
2015-12-03,10.752,2015,12,3,Thursday,3,0
2015-05-07,45.68,2015,5,7,Thursday,3,0
2015-07-26,131.48,2015,7,26,Sunday,6,1
2015-12-13,147.44,2015,12,13,Sunday,6,1
2015-12-27,128.52,2015,12,27,Sunday,6,1
2015-11-07,33.48,2015,11,7,Saturday,5,1
2015-08-13,31.56,2015,8,13,Thursday,3,0
2015-12-06,32.75,2015,12,6,Sunday,6,1
2015-07-25,1288.848,2015,7,25,Saturday,5,1
2015-03-12,5.04,2015,3,12,Thursday,3,0
2015-04-17,172.606,2015,4,17,Friday,4,0
2015-12-28,24.816,2015,12,28,Monday,0,0
2015-10-01,111.76,2015,10,1,Thursday,3,0
2015-05-26,20.24,2015,5,26,Tuesday,1,0
2015-09-25,479.716,2015,9,25,Friday,4,0
2015-10-20,439.536,2015,10,20,Tuesday,1,0
2015-11-22,32.985,2015,11,22,Sunday,6,1
2015-04-20,896.31,2015,4,20,Monday,0,0
2015-07-10,3.366,2015,7,10,Friday,4,0
2015-09-19,60.84,2015,9,19,Saturday,5,1
2015-12-05,51.6,2015,12,5,Saturday,5,1
2015-01-31,99.26,2015,1,31,Saturday,5,1
2015-05-28,93.79,2015,5,28,Thursday,3,0
2015-01-06,31.538,2015,1,6,Tuesday,1,0
2015-10-24,454.272,2015,10,24,Saturday,5,1
2015-04-13,12.88,2015,4,13,Monday,0,0
2015-09-18,187.94,2015,9,18,Friday,4,0
2015-09-03,200.984,2015,9,3,Thursday,3,0
2015-05-31,345.26,2015,5,31,Sunday,6,1
2015-01-04,72.24,2015,1,4,Sunday,6,1
2015-05-22,3862.098,2015,5,22,Friday,4,0
2015-11-13,210.82,2015,11,13,Friday,4,0
2015-09-21,609.436,2015,9,21,Monday,0,0
2015-03-19,10.9,2015,3,19,Thursday,3,0
2015-07-02,19.44,2015,7,2,Thursday,3,0
2015-12-15,246.168,2015,12,15,Tuesday,1,0
2015-10-19,1.72,2015,10,19,Monday,0,0
2015-08-13,11.36,2015,8,13,Thursday,3,0
2015-09-18,18.54,2015,9,18,Friday,4,0
2015-12-11,196.62,2015,12,11,Friday,4,0
2015-10-26,1215.269,2015,10,26,Monday,0,0
2015-03-29,5.56,2015,3,29,Sunday,6,1
2015-05-03,460.844,2015,5,3,Sunday,6,1
2015-09-06,271.764,2015,9,6,Sunday,6,1
2015-11-16,1001.196,2015,11,16,Monday,0,0
2015-11-14,47.984,2015,11,14,Saturday,5,1
2015-04-22,152.916,2015,4,22,Wednesday,2,0
2015-09-20,45.584,2015,9,20,Sunday,6,1
2015-01-17,88.96,2015,1,17,Saturday,5,1
2015-12-27,435.54,2015,12,27,Sunday,6,1
2015-09-08,21.36,2015,9,8,Tuesday,1,0
2015-11-19,141.96,2015,11,19,Thursday,3,0
2015-10-05,288.0,2015,10,5,Monday,0,0
2015-03-05,7.104,2015,3,5,Thursday,3,0
2015-04-27,49.4,2015,4,27,Monday,0,0
2015-09-25,122.622,2015,9,25,Friday,4,0
2015-07-04,22.848,2015,7,4,Saturday,5,1
2015-10-17,77.88,2015,10,17,Saturday,5,1
2015-02-20,286.79,2015,2,20,Friday,4,0
2015-01-17,6.68,2015,1,17,Saturday,5,1
2015-10-25,313.626,2015,10,25,Sunday,6,1
2015-12-18,94.688,2015,12,18,Friday,4,0
2015-11-13,17.496,2015,11,13,Friday,4,0
2015-03-05,84.61,2015,3,5,Thursday,3,0
2015-11-12,15.7,2015,11,12,Thursday,3,0
2015-03-01,58.72,2015,3,1,Sunday,6,1
2015-09-24,1423.34,2015,9,24,Thursday,3,0
2015-08-01,1011.696,2015,8,1,Saturday,5,1
2015-11-24,568.86,2015,11,24,Tuesday,1,0
2015-06-22,1217.568,2015,6,22,Monday,0,0
2015-05-20,169.544,2015,5,20,Wednesday,2,0
2015-03-29,1166.92,2015,3,29,Sunday,6,1
2015-12-22,17.12,2015,12,22,Tuesday,1,0
2015-07-09,5.16,2015,7,9,Thursday,3,0
2015-12-25,255.58,2015,12,25,Friday,4,0
2015-09-20,37.68,2015,9,20,Sunday,6,1
2015-12-06,173.94,2015,12,6,Sunday,6,1
2015-09-11,265.86,2015,9,11,Friday,4,0
2015-04-25,330.15,2015,4,25,Saturday,5,1
2015-03-16,85.9,2015,3,16,Monday,0,0
2015-12-20,55.48,2015,12,20,Sunday,6,1
2015-06-18,51.98,2015,6,18,Thursday,3,0
2015-12-21,1349.63,2015,12,21,Monday,0,0
2015-07-25,457.04,2015,7,25,Saturday,5,1
2015-02-15,974.9,2015,2,15,Sunday,6,1
2015-11-29,56.3,2015,11,29,Sunday,6,1
2015-12-12,348.928,2015,12,12,Saturday,5,1
2015-11-14,860.07,2015,11,14,Saturday,5,1
2015-12-20,22.288,2015,12,20,Sunday,6,1
2015-08-21,637.27,2015,8,21,Friday,4,0
2015-11-08,119.9,2015,11,8,Sunday,6,1
2015-02-25,25.87,2015,2,25,Wednesday,2,0
2015-05-23,186.69,2015,5,23,Saturday,5,1
2015-07-04,1099.96,2015,7,4,Saturday,5,1
2015-01-05,61.584,2015,1,5,Monday,0,0
2015-11-10,79.9,2015,11,10,Tuesday,1,0
2015-06-13,106.08,2015,6,13,Saturday,5,1
2015-10-23,78.456,2015,10,23,Friday,4,0
2015-03-15,16.776,2015,3,15,Sunday,6,1
2015-12-27,7.92,2015,12,27,Sunday,6,1
2015-04-17,2572.5,2015,4,17,Friday,4,0
2015-07-30,226.13,2015,7,30,Thursday,3,0
2015-08-09,4.608,2015,8,9,Sunday,6,1
2015-12-12,54.17,2015,12,12,Saturday,5,1
2015-12-04,1635.018,2015,12,4,Friday,4,0
2015-05-09,48.81,2015,5,9,Saturday,5,1
2015-12-11,206.328,2015,12,11,Friday,4,0
2015-09-20,85.848,2015,9,20,Sunday,6,1
2015-12-06,999.98,2015,12,6,Sunday,6,1
2015-12-08,15.696,2015,12,8,Tuesday,1,0
2015-10-26,174.304,2015,10,26,Monday,0,0
2015-05-31,7.56,2015,5,31,Sunday,6,1
2015-11-30,177.48,2015,11,30,Monday,0,0
2015-09-25,183.4,2015,9,25,Friday,4,0
2015-12-31,18.416,2015,12,31,Thursday,3,0
2015-12-05,44.46,2015,12,5,Saturday,5,1
2015-02-06,1558.42,2015,2,6,Friday,4,0
2015-09-25,63.14,2015,9,25,Friday,4,0
2015-11-20,19.65,2015,11,20,Friday,4,0
2015-10-01,572.8,2015,10,1,Thursday,3,0
2015-10-24,3.592,2015,10,24,Saturday,5,1
2015-06-18,670.001,2015,6,18,Thursday,3,0
2015-01-12,465.18,2015,1,12,Monday,0,0
2015-12-03,184.66,2015,12,3,Thursday,3,0
2015-02-16,35.88,2015,2,16,Monday,0,0
2015-11-28,8.28,2015,11,28,Saturday,5,1
2015-12-09,34.02,2015,12,9,Wednesday,2,0
2015-12-19,1941.81,2015,12,19,Saturday,5,1
2015-11-28,151.96,2015,11,28,Saturday,5,1
2015-12-22,456.193,2015,12,22,Tuesday,1,0
2015-07-02,1305.81,2015,7,2,Thursday,3,0
2015-06-07,52.248,2015,6,7,Sunday,6,1
2015-04-29,7.968,2015,4,29,Wednesday,2,0
2015-12-13,808.666,2015,12,13,Sunday,6,1
2015-08-31,555.96,2015,8,31,Monday,0,0
2015-03-22,162.072,2015,3,22,Sunday,6,1
2015-02-03,136.92,2015,2,3,Tuesday,1,0
2015-12-20,36.27,2015,12,20,Sunday,6,1
2015-11-30,17.088,2015,11,30,Monday,0,0
2015-06-20,319.984,2015,6,20,Saturday,5,1
2015-09-21,3631.96,2015,9,21,Monday,0,0
2015-12-24,65.856,2015,12,24,Thursday,3,0
2015-06-04,1109.95,2015,6,4,Thursday,3,0
2015-11-09,11.352,2015,11,9,Monday,0,0
2015-11-10,714.3,2015,11,10,Tuesday,1,0
2015-01-05,143.52,2015,1,5,Monday,0,0
2015-12-26,22.2,2015,12,26,Saturday,5,1
2015-12-20,17.12,2015,12,20,Sunday,6,1
2015-11-26,599.99,2015,11,26,Thursday,3,0
2015-05-12,38.52,2015,5,12,Tuesday,1,0
2015-03-20,1445.674,2015,3,20,Friday,4,0
2015-07-18,5.76,2015,7,18,Saturday,5,1
2015-09-25,68.62,2015,9,25,Friday,4,0
2015-10-12,209.67,2015,10,12,Monday,0,0
2015-09-04,134.376,2015,9,4,Friday,4,0
2015-11-27,6.24,2015,11,27,Friday,4,0
2015-10-19,1910.7,2015,10,19,Monday,0,0
2015-03-08,19.44,2015,3,8,Sunday,6,1
2015-11-02,2621.322,2015,11,2,Monday,0,0
2015-07-20,1238.33,2015,7,20,Monday,0,0
2015-09-06,7.24,2015,9,6,Sunday,6,1
2015-09-25,2.946,2015,9,25,Friday,4,0
2015-08-06,27.216,2015,8,6,Thursday,3,0
2015-05-03,13.848,2015,5,3,Sunday,6,1
2015-10-05,77.55,2015,10,5,Monday,0,0
2015-06-01,11.76,2015,6,1,Monday,0,0
2015-04-16,239.204,2015,4,16,Thursday,3,0
2015-09-07,140.736,2015,9,7,Monday,0,0
2015-04-05,892.224,2015,4,5,Sunday,6,1
2015-07-06,170.352,2015,7,6,Monday,0,0
2015-11-28,130.4,2015,11,28,Saturday,5,1
2015-12-04,794.574,2015,12,4,Friday,4,0
2015-11-20,479.988,2015,11,20,Friday,4,0
2015-12-21,3.008,2015,12,21,Monday,0,0
2015-09-24,50.912,2015,9,24,Thursday,3,0
2015-05-01,277.632,2015,5,1,Friday,4,0
2015-11-03,1448.82,2015,11,3,Tuesday,1,0
2015-09-08,68.28,2015,9,8,Tuesday,1,0
2015-06-08,937.608,2015,6,8,Monday,0,0
2015-08-15,323.1,2015,8,15,Saturday,5,1
2015-11-22,77.06,2015,11,22,Sunday,6,1
2015-10-28,104.51,2015,10,28,Wednesday,2,0
2015-12-16,4.98,2015,12,16,Wednesday,2,0
2015-05-12,14.592,2015,5,12,Tuesday,1,0
2015-09-05,89.86,2015,9,5,Saturday,5,1
2015-10-09,50.462,2015,10,9,Friday,4,0
2015-02-21,2541.98,2015,2,21,Saturday,5,1
2015-11-07,715.2,2015,11,7,Saturday,5,1
2015-06-28,498.492,2015,6,28,Sunday,6,1
2015-11-12,304.224,2015,11,12,Thursday,3,0
2015-08-09,646.63,2015,8,9,Sunday,6,1
2015-11-17,40.92,2015,11,17,Tuesday,1,0
2015-03-19,11.96,2015,3,19,Thursday,3,0
2015-11-07,671.002,2015,11,7,Saturday,5,1
2015-08-07,520.03,2015,8,7,Friday,4,0
2015-03-22,15.984,2015,3,22,Sunday,6,1
2015-03-14,688.46,2015,3,14,Saturday,5,1
2015-06-19,228.92,2015,6,19,Friday,4,0
2015-11-27,29.79,2015,11,27,Friday,4,0
2015-08-07,3.304,2015,8,7,Friday,4,0
2015-05-30,151.96,2015,5,30,Saturday,5,1
2015-11-20,377.902,2015,11,20,Friday,4,0
2015-06-08,145.504,2015,6,8,Monday,0,0
2015-09-07,654.772,2015,9,7,Monday,0,0
2015-03-26,3393.68,2015,3,26,Thursday,3,0
2015-07-05,73.776,2015,7,5,Sunday,6,1
2015-07-31,239.7,2015,7,31,Friday,4,0
2015-11-08,70.212,2015,11,8,Sunday,6,1
2015-11-28,45.28,2015,11,28,Saturday,5,1
2015-11-16,523.25,2015,11,16,Monday,0,0
2015-06-15,225.576,2015,6,15,Monday,0,0
2015-10-20,24.56,2015,10,20,Tuesday,1,0
2015-01-27,2803.92,2015,1,27,Tuesday,1,0
2015-06-04,16.64,2015,6,4,Thursday,3,0
2015-10-31,2562.171,2015,10,31,Saturday,5,1
2015-12-07,801.988,2015,12,7,Monday,0,0
2015-09-11,189.99,2015,9,11,Friday,4,0
2015-12-27,384.86,2015,12,27,Sunday,6,1
2015-05-14,1117.92,2015,5,14,Thursday,3,0
2015-12-21,47.976,2015,12,21,Monday,0,0
2015-05-18,10.86,2015,5,18,Monday,0,0
2015-08-23,1142.43,2015,8,23,Sunday,6,1
2015-06-29,117.882,2015,6,29,Monday,0,0
2015-03-20,29.304,2015,3,20,Friday,4,0
2015-10-01,139.424,2015,10,1,Thursday,3,0
2015-08-28,1203.441,2015,8,28,Friday,4,0
2015-12-06,14.832,2015,12,6,Sunday,6,1
2015-09-12,492.584,2015,9,12,Saturday,5,1
2015-04-07,48.5,2015,4,7,Tuesday,1,0
2015-06-26,971.88,2015,6,26,Friday,4,0
2015-05-15,17.94,2015,5,15,Friday,4,0
2015-11-19,31.08,2015,11,19,Thursday,3,0
2015-06-05,1522.638,2015,6,5,Friday,4,0
2015-11-26,692.472,2015,11,26,Thursday,3,0
2015-04-05,1636.356,2015,4,5,Sunday,6,1
2015-09-27,175.29,2015,9,27,Sunday,6,1
2015-06-16,6.208,2015,6,16,Tuesday,1,0
2015-03-26,56.808,2015,3,26,Thursday,3,0
2015-03-14,19.44,2015,3,14,Saturday,5,1
2015-09-16,31.12,2015,9,16,Wednesday,2,0
2015-09-18,52.98,2015,9,18,Friday,4,0
2015-10-04,392.94,2015,10,4,Sunday,6,1
2015-03-19,449.0496,2015,3,19,Thursday,3,0
2015-09-10,14.94,2015,9,10,Thursday,3,0
2015-11-02,738.899,2015,11,2,Monday,0,0
2015-05-29,12.39,2015,5,29,Friday,4,0
2015-11-22,58.05,2015,11,22,Sunday,6,1
2015-09-21,220.31,2015,9,21,Monday,0,0
2015-10-08,145.9,2015,10,8,Thursday,3,0
2015-08-08,158.672,2015,8,8,Saturday,5,1
2015-12-06,7.78,2015,12,6,Sunday,6,1
2015-01-27,769.332,2015,1,27,Tuesday,1,0
2015-09-22,61.44,2015,9,22,Tuesday,1,0
2015-04-10,12.832,2015,4,10,Friday,4,0
2015-08-25,31.782,2015,8,25,Tuesday,1,0
2015-09-28,86.82,2015,9,28,Monday,0,0
2015-05-21,26.976,2015,5,21,Thursday,3,0
2015-08-24,7.152,2015,8,24,Monday,0,0
2015-12-24,627.924,2015,12,24,Thursday,3,0
2015-09-03,7.5,2015,9,3,Thursday,3,0
2015-09-06,46.62,2015,9,6,Sunday,6,1
2015-08-13,422.856,2015,8,13,Thursday,3,0
2015-01-13,9.82,2015,1,13,Tuesday,1,0
2015-10-22,9.952,2015,10,22,Thursday,3,0
2015-02-20,29.99,2015,2,20,Friday,4,0
2015-11-09,2339.84,2015,11,9,Monday,0,0
2016-11-20,328.54,2016,11,20,Sunday,6,1
2016-11-24,24.784,2016,11,24,Thursday,3,0
2016-12-13,63.88,2016,12,13,Tuesday,1,0
2016-09-20,475.694,2016,9,20,Tuesday,1,0
2016-06-24,4823.09,2016,6,24,Friday,4,0
2016-12-15,19.44,2016,12,15,Thursday,3,0
2016-11-24,43.46,2016,11,24,Thursday,3,0
2016-05-12,641.98,2016,5,12,Thursday,3,0
2016-12-10,6.48,2016,12,10,Saturday,5,1
2016-11-01,111.672,2016,11,1,Tuesday,1,0
2016-06-26,718.95,2016,6,26,Sunday,6,1
2016-09-24,868.14,2016,9,24,Saturday,5,1
2016-07-07,215.65,2016,7,7,Thursday,3,0
2016-02-05,918.966,2016,2,5,Friday,4,0
2016-10-13,279.67,2016,10,13,Thursday,3,0
2016-12-25,21.12,2016,12,25,Sunday,6,1
2016-02-04,93.02,2016,2,4,Thursday,3,0
2016-04-22,35.01,2016,4,22,Friday,4,0
2016-11-13,279.81,2016,11,13,Sunday,6,1
2016-07-17,77.88,2016,7,17,Sunday,6,1
2016-07-14,29.0,2016,7,14,Thursday,3,0
2016-09-25,16.56,2016,9,25,Sunday,6,1
2016-02-27,56.82,2016,2,27,Saturday,5,1
2016-07-02,7.7,2016,7,2,Saturday,5,1
2016-05-01,140.52,2016,5,1,Sunday,6,1
2016-12-18,1793.98,2016,12,18,Sunday,6,1
2016-02-28,36.48,2016,2,28,Sunday,6,1
2016-02-19,34.38,2016,2,19,Friday,4,0
2016-12-24,83.72,2016,12,24,Saturday,5,1
2016-10-03,1027.676,2016,10,3,Monday,0,0
2016-06-25,117.958,2016,6,25,Saturday,5,1
2016-09-23,10.528,2016,9,23,Friday,4,0
2016-05-27,1328.128,2016,5,27,Friday,4,0
2016-01-07,34.58,2016,1,7,Thursday,3,0
2016-07-14,419.944,2016,7,14,Thursday,3,0
2016-08-19,448.792,2016,8,19,Friday,4,0
2016-06-24,440.91,2016,6,24,Friday,4,0
2016-12-09,1056.86,2016,12,9,Friday,4,0
2016-06-26,198.67,2016,6,26,Sunday,6,1
2016-03-14,16.74,2016,3,14,Monday,0,0
2016-09-11,1611.01,2016,9,11,Sunday,6,1
2016-02-27,170.88,2016,2,27,Saturday,5,1
2016-07-24,73.2,2016,7,24,Sunday,6,1
2016-07-18,313.84,2016,7,18,Monday,0,0
2016-12-27,17.184,2016,12,27,Tuesday,1,0
2016-12-13,9.84,2016,12,13,Tuesday,1,0
2016-07-02,569.902,2016,7,2,Saturday,5,1
2016-09-19,53.37,2016,9,19,Monday,0,0
2016-09-06,754.212,2016,9,6,Tuesday,1,0
2016-07-25,15.712,2016,7,25,Monday,0,0
2016-07-04,274.856,2016,7,4,Monday,0,0
2016-11-11,14.112,2016,11,11,Friday,4,0
2016-06-07,9.514,2016,6,7,Tuesday,1,0
2016-12-22,25.584,2016,12,22,Thursday,3,0
2016-11-18,595.0,2016,11,18,Friday,4,0
2016-09-08,310.86,2016,9,8,Thursday,3,0
2016-06-12,487.5,2016,6,12,Sunday,6,1
2016-07-12,95.76,2016,7,12,Tuesday,1,0
2016-10-03,38.08,2016,10,3,Monday,0,0
2016-04-01,61.704,2016,4,1,Friday,4,0
2016-03-03,4406.072,2016,3,3,Thursday,3,0
2016-08-03,248.82,2016,8,3,Wednesday,2,0
2016-07-25,2503.47,2016,7,25,Monday,0,0
2016-11-27,447.783,2016,11,27,Sunday,6,1
2016-05-02,36.648,2016,5,2,Monday,0,0
2016-06-12,198.84,2016,6,12,Sunday,6,1
2016-12-01,23.04,2016,12,1,Thursday,3,0
2016-04-08,129.976,2016,4,8,Friday,4,0
2016-07-03,123.92,2016,7,3,Sunday,6,1
2016-11-28,7.16,2016,11,28,Monday,0,0
2016-12-25,2445.602,2016,12,25,Sunday,6,1
2016-01-03,1604.73,2016,1,3,Sunday,6,1
2016-05-20,1363.96,2016,5,20,Friday,4,0
2016-08-06,38.34,2016,8,6,Saturday,5,1
2016-12-04,15.528,2016,12,4,Sunday,6,1
2016-11-24,4.416,2016,11,24,Thursday,3,0
2016-10-30,3.62,2016,10,30,Sunday,6,1
2016-12-02,115.84,2016,12,2,Friday,4,0
2016-08-12,1800.168,2016,8,12,Friday,4,0
2016-04-16,28.8,2016,4,16,Saturday,5,1
2016-11-10,225.828,2016,11,10,Thursday,3,0
2016-08-26,165.13,2016,8,26,Friday,4,0
2016-05-05,270.728,2016,5,5,Thursday,3,0
2016-09-13,2374.73,2016,9,13,Tuesday,1,0
2016-12-30,170.786,2016,12,30,Friday,4,0
2016-10-20,61.1,2016,10,20,Thursday,3,0
2016-06-19,17.12,2016,6,19,Sunday,6,1
2016-02-16,416.616,2016,2,16,Tuesday,1,0
2016-12-11,1045.21,2016,12,11,Sunday,6,1
2016-09-17,33.4,2016,9,17,Saturday,5,1
2016-11-15,99.39,2016,11,15,Tuesday,1,0
2016-09-18,4.616,2016,9,18,Sunday,6,1
2016-09-30,523.92,2016,9,30,Friday,4,0
2016-09-02,281.916,2016,9,2,Friday,4,0
2016-03-08,9.702,2016,3,8,Tuesday,1,0
2016-10-20,7.152,2016,10,20,Thursday,3,0
2016-03-19,72.294,2016,3,19,Saturday,5,1
2016-07-07,58.94,2016,7,7,Thursday,3,0
2016-02-19,70.88,2016,2,19,Friday,4,0
2016-05-08,1110.344,2016,5,8,Sunday,6,1
2016-01-17,316.0,2016,1,17,Sunday,6,1
2016-09-29,10.496,2016,9,29,Thursday,3,0
2016-09-23,22.98,2016,9,23,Friday,4,0
2016-02-07,107.83,2016,2,7,Sunday,6,1
2016-11-26,17.856,2016,11,26,Saturday,5,1
2016-09-02,1854.241,2016,9,2,Friday,4,0
2016-11-26,4104.174,2016,11,26,Saturday,5,1
2016-06-17,749.488,2016,6,17,Friday,4,0
2016-05-21,2396.4,2016,5,21,Saturday,5,1
2016-06-14,53.7,2016,6,14,Tuesday,1,0
2016-08-08,1016.184,2016,8,8,Monday,0,0
2016-06-07,9.648,2016,6,7,Tuesday,1,0
2016-03-22,58.58,2016,3,22,Tuesday,1,0
2016-07-28,1556.694,2016,7,28,Thursday,3,0
2016-11-20,151.192,2016,11,20,Sunday,6,1
2016-09-29,859.2,2016,9,29,Thursday,3,0
2016-02-16,323.88,2016,2,16,Tuesday,1,0
2016-11-25,5016.549,2016,11,25,Friday,4,0
2016-05-30,303.92,2016,5,30,Monday,0,0
2016-05-14,185.528,2016,5,14,Saturday,5,1
2016-06-06,105.52,2016,6,6,Monday,0,0
2016-12-19,1.8,2016,12,19,Monday,0,0
2016-12-05,465.18,2016,12,5,Monday,0,0
2016-05-20,2.694,2016,5,20,Friday,4,0
2016-06-20,106.336,2016,6,20,Monday,0,0
2016-09-29,298.83,2016,9,29,Thursday,3,0
2016-11-18,61.12,2016,11,18,Friday,4,0
2016-09-30,1.964,2016,9,30,Friday,4,0
2016-04-17,257.499,2016,4,17,Sunday,6,1
2016-09-08,130.328,2016,9,8,Thursday,3,0
2016-09-24,532.496,2016,9,24,Saturday,5,1
2016-01-09,727.878,2016,1,9,Saturday,5,1
2016-03-10,104.696,2016,3,10,Thursday,3,0
2016-09-08,2620.9376,2016,9,8,Thursday,3,0
2016-04-22,23.952,2016,4,22,Friday,4,0
2016-05-09,88.704,2016,5,9,Monday,0,0
2016-02-08,1127.976,2016,2,8,Monday,0,0
2016-11-03,561.73,2016,11,3,Thursday,3,0
2016-05-02,366.744,2016,5,2,Monday,0,0
2016-01-24,31.36,2016,1,24,Sunday,6,1
2016-04-10,13.568,2016,4,10,Sunday,6,1
2016-04-19,633.04,2016,4,19,Tuesday,1,0
2016-12-05,1284.8,2016,12,5,Monday,0,0
2016-09-22,104.712,2016,9,22,Thursday,3,0
2016-09-17,100.164,2016,9,17,Saturday,5,1
2016-11-20,32.751,2016,11,20,Sunday,6,1
2016-12-25,499.303,2016,12,25,Sunday,6,1
2016-04-22,1588.323,2016,4,22,Friday,4,0
2016-05-12,10.96,2016,5,12,Thursday,3,0
2016-11-06,84.84,2016,11,6,Sunday,6,1
2016-07-14,292.796,2016,7,14,Thursday,3,0
2016-09-08,74.0,2016,9,8,Thursday,3,0
2016-09-09,14.624,2016,9,9,Friday,4,0
2016-06-28,359.976,2016,6,28,Tuesday,1,0
2016-09-18,239.984,2016,9,18,Sunday,6,1
2016-08-04,158.81,2016,8,4,Thursday,3,0
2016-09-05,82.8,2016,9,5,Monday,0,0
2016-02-12,1366.04,2016,2,12,Friday,4,0
2016-04-07,1199.976,2016,4,7,Thursday,3,0
2016-09-23,13.68,2016,9,23,Friday,4,0
2016-11-20,380.546,2016,11,20,Sunday,6,1
2016-03-06,309.082,2016,3,6,Sunday,6,1
2016-12-25,1179.822,2016,12,25,Sunday,6,1
2016-06-05,79.792,2016,6,5,Sunday,6,1
2016-01-22,7.56,2016,1,22,Friday,4,0
2016-07-25,21.48,2016,7,25,Monday,0,0
2016-11-19,54.96,2016,11,19,Saturday,5,1
2016-04-01,1384.924,2016,4,1,Friday,4,0
2016-02-29,111.104,2016,2,29,Monday,0,0
2016-07-23,115.136,2016,7,23,Saturday,5,1
2016-09-18,3.0,2016,9,18,Sunday,6,1
2016-09-17,232.4,2016,9,17,Saturday,5,1
2016-10-21,98.16,2016,10,21,Friday,4,0
2016-12-27,2.61,2016,12,27,Tuesday,1,0
2016-06-17,655.09,2016,6,17,Friday,4,0
2016-05-08,17.94,2016,5,8,Sunday,6,1
2016-10-01,107.864,2016,10,1,Saturday,5,1
2016-08-04,335.12,2016,8,4,Thursday,3,0
2016-12-25,33.568,2016,12,25,Sunday,6,1
2016-03-08,114.56,2016,3,8,Tuesday,1,0
2016-07-30,9.264,2016,7,30,Saturday,5,1
2016-12-04,104.85,2016,12,4,Sunday,6,1
2016-04-12,448.81,2016,4,12,Tuesday,1,0
2016-07-08,725.072,2016,7,8,Friday,4,0
2016-03-03,1094.25,2016,3,3,Thursday,3,0
2016-07-23,203.648,2016,7,23,Saturday,5,1
2016-09-10,519.68,2016,9,10,Saturday,5,1
2016-10-21,22.92,2016,10,21,Friday,4,0
2016-05-09,19.136,2016,5,9,Monday,0,0
2016-10-29,52.41,2016,10,29,Saturday,5,1
2016-12-29,41.99,2016,12,29,Thursday,3,0
2016-07-30,715.64,2016,7,30,Saturday,5,1
2016-04-14,976.512,2016,4,14,Thursday,3,0
2016-05-05,14.352,2016,5,5,Thursday,3,0
2016-12-18,1410.066,2016,12,18,Sunday,6,1
2016-09-02,168.168,2016,9,2,Friday,4,0
2016-06-06,548.96,2016,6,6,Monday,0,0
2016-09-09,55.36,2016,9,9,Friday,4,0
2016-02-13,146.82,2016,2,13,Saturday,5,1
2016-04-22,86.62,2016,4,22,Friday,4,0
2016-09-12,40.48,2016,9,12,Monday,0,0
2016-09-02,46.53,2016,9,2,Friday,4,0
2016-08-16,32.4,2016,8,16,Tuesday,1,0
2016-11-19,34.992,2016,11,19,Saturday,5,1
2016-05-26,232.624,2016,5,26,Thursday,3,0
2016-06-10,1388.78,2016,6,10,Friday,4,0
2016-03-18,871.8,2016,3,18,Friday,4,0
2016-11-25,194.352,2016,11,25,Friday,4,0
2016-10-11,33.064,2016,10,11,Tuesday,1,0
2016-11-21,113.568,2016,11,21,Monday,0,0
2016-09-08,100.16,2016,9,8,Thursday,3,0
2016-08-18,85.908,2016,8,18,Thursday,3,0
2016-12-15,2.214,2016,12,15,Thursday,3,0
2016-10-14,1203.89,2016,10,14,Friday,4,0
2016-12-01,352.47,2016,12,1,Thursday,3,0
2016-01-23,59.99,2016,1,23,Saturday,5,1
2016-11-24,82.26,2016,11,24,Thursday,3,0
2016-12-08,334.256,2016,12,8,Thursday,3,0
2016-05-28,185.88,2016,5,28,Saturday,5,1
2016-03-24,22.48,2016,3,24,Thursday,3,0
2016-11-07,27.68,2016,11,7,Monday,0,0
2016-05-30,4317.3,2016,5,30,Monday,0,0
2016-11-20,574.056,2016,11,20,Sunday,6,1
2016-09-25,642.016,2016,9,25,Sunday,6,1
2016-11-20,959.55,2016,11,20,Sunday,6,1
2016-05-21,84.62,2016,5,21,Saturday,5,1
2016-07-22,122.34,2016,7,22,Friday,4,0
2016-04-07,70.272,2016,4,7,Thursday,3,0
2016-11-21,445.4,2016,11,21,Monday,0,0
2016-12-05,2657.81,2016,12,5,Monday,0,0
2016-12-26,11.328,2016,12,26,Monday,0,0
2016-08-26,1157.98,2016,8,26,Friday,4,0
2016-07-07,45.584,2016,7,7,Thursday,3,0
2016-07-18,2331.84,2016,7,18,Monday,0,0
2016-10-09,170.976,2016,10,9,Sunday,6,1
2016-12-22,884.68,2016,12,22,Thursday,3,0
2016-12-23,1507.938,2016,12,23,Friday,4,0
2016-11-21,12.96,2016,11,21,Monday,0,0
2016-01-30,156.512,2016,1,30,Saturday,5,1
2016-06-26,22.14,2016,6,26,Sunday,6,1
2016-11-03,1489.724,2016,11,3,Thursday,3,0
2016-12-08,386.43,2016,12,8,Thursday,3,0
2016-11-18,301.96,2016,11,18,Friday,4,0
2016-03-17,162.52,2016,3,17,Thursday,3,0
2016-07-14,219.84,2016,7,14,Thursday,3,0
2016-03-12,12.96,2016,3,12,Saturday,5,1
2016-07-25,243.88,2016,7,25,Monday,0,0
2016-12-23,141.372,2016,12,23,Friday,4,0
2016-11-10,53.696,2016,11,10,Thursday,3,0
2016-09-05,634.46,2016,9,5,Monday,0,0
2016-05-20,1064.624,2016,5,20,Friday,4,0
2016-09-22,24.066,2016,9,22,Thursday,3,0
2016-11-07,358.548,2016,11,7,Monday,0,0
2016-07-29,84.784,2016,7,29,Friday,4,0
2016-11-07,57.584,2016,11,7,Monday,0,0
2016-09-01,477.5,2016,9,1,Thursday,3,0
2016-09-02,10.07,2016,9,2,Friday,4,0
2016-01-10,149.9,2016,1,10,Sunday,6,1
2016-09-11,372.812,2016,9,11,Sunday,6,1
2016-10-27,511.522,2016,10,27,Thursday,3,0
2016-07-17,45.96,2016,7,17,Sunday,6,1
2016-11-11,524.616,2016,11,11,Friday,4,0
2016-01-17,724.55,2016,1,17,Sunday,6,1
2016-08-27,9.216,2016,8,27,Saturday,5,1
2016-03-03,606.214,2016,3,3,Thursday,3,0
2016-09-15,1148.806,2016,9,15,Thursday,3,0
2016-10-01,36.364,2016,10,1,Saturday,5,1
2016-10-09,23.976,2016,10,9,Sunday,6,1
2016-12-17,9892.74,2016,12,17,Saturday,5,1
2016-12-30,6.924,2016,12,30,Friday,4,0
2016-07-14,14.16,2016,7,14,Thursday,3,0
2016-08-31,23.968,2016,8,31,Wednesday,2,0
2016-11-27,345.47,2016,11,27,Sunday,6,1
2016-12-08,1288.464,2016,12,8,Thursday,3,0
2016-09-04,239.5,2016,9,4,Sunday,6,1
2016-05-10,7.072,2016,5,10,Tuesday,1,0
2016-12-30,19.616,2016,12,30,Friday,4,0
2016-04-09,556.665,2016,4,9,Saturday,5,1
2016-04-15,143.7,2016,4,15,Friday,4,0
2016-02-04,14.368,2016,2,4,Thursday,3,0
2016-08-27,94.08,2016,8,27,Saturday,5,1
2016-05-06,111.496,2016,5,6,Friday,4,0
2016-08-12,562.2925,2016,8,12,Friday,4,0
2016-06-26,547.97,2016,6,26,Sunday,6,1
2016-12-19,303.92,2016,12,19,Monday,0,0
2016-03-19,31.086,2016,3,19,Saturday,5,1
2016-03-11,63.44,2016,3,11,Friday,4,0
2016-10-24,450.0,2016,10,24,Monday,0,0
2016-12-16,563.92,2016,12,16,Friday,4,0
2016-11-17,49.5,2016,11,17,Thursday,3,0
2016-02-03,866.4,2016,2,3,Wednesday,2,0
2016-11-13,217.056,2016,11,13,Sunday,6,1
2016-08-15,705.544,2016,8,15,Monday,0,0
2016-10-02,18336.74,2016,10,2,Sunday,6,1
2016-06-11,902.712,2016,6,11,Saturday,5,1
2016-11-14,448.446,2016,11,14,Monday,0,0
2016-03-22,167.888,2016,3,22,Tuesday,1,0
2016-06-25,60.81,2016,6,25,Saturday,5,1
2016-08-09,16.218,2016,8,9,Tuesday,1,0
2016-10-02,54.792,2016,10,2,Sunday,6,1
2016-11-04,50.768,2016,11,4,Friday,4,0
2016-02-22,490.32,2016,2,22,Monday,0,0
2016-03-27,92.7,2016,3,27,Sunday,6,1
2016-03-13,51.184,2016,3,13,Sunday,6,1
2016-10-31,492.835,2016,10,31,Monday,0,0
2016-05-26,477.142,2016,5,26,Thursday,3,0
2016-06-26,14.9,2016,6,26,Sunday,6,1
2016-08-14,15.552,2016,8,14,Sunday,6,1
2016-09-22,18.96,2016,9,22,Thursday,3,0
2016-03-12,29.34,2016,3,12,Saturday,5,1
2016-06-04,75.88,2016,6,4,Saturday,5,1
2016-06-21,576.272,2016,6,21,Tuesday,1,0
2016-11-10,119.26,2016,11,10,Thursday,3,0
2016-11-18,329.972,2016,11,18,Friday,4,0
2016-03-03,60.63,2016,3,3,Thursday,3,0
2016-03-25,59.52,2016,3,25,Friday,4,0
2016-07-14,11.632,2016,7,14,Thursday,3,0
2016-09-19,25.632,2016,9,19,Monday,0,0
2016-09-22,7.872,2016,9,22,Thursday,3,0
2016-09-18,692.502,2016,9,18,Sunday,6,1
2016-10-28,756.8,2016,10,28,Friday,4,0
2016-04-07,658.746,2016,4,7,Thursday,3,0
2016-06-07,32.4,2016,6,7,Tuesday,1,0
2016-04-03,99.846,2016,4,3,Sunday,6,1
2016-03-09,199.75,2016,3,9,Wednesday,2,0
2016-06-12,546.616,2016,6,12,Sunday,6,1
2016-09-01,21.88,2016,9,1,Thursday,3,0
2016-10-27,290.98,2016,10,27,Thursday,3,0
2016-10-24,239.976,2016,10,24,Monday,0,0
2016-08-08,65.12,2016,8,8,Monday,0,0
2016-09-11,737.394,2016,9,11,Sunday,6,1
2016-11-20,128.4,2016,11,20,Sunday,6,1
2016-11-14,1628.61,2016,11,14,Monday,0,0
2016-05-28,286.4,2016,5,28,Saturday,5,1
2016-02-21,135.8,2016,2,21,Sunday,6,1
2016-10-04,59.752,2016,10,4,Tuesday,1,0
2016-07-17,589.52,2016,7,17,Sunday,6,1
2016-10-24,459.98,2016,10,24,Monday,0,0
2016-01-16,102.218,2016,1,16,Saturday,5,1
2016-11-13,52.136,2016,11,13,Sunday,6,1
2016-06-10,23.616,2016,6,10,Friday,4,0
2016-12-29,152.52,2016,12,29,Thursday,3,0
2016-12-03,611.94,2016,12,3,Saturday,5,1
2016-05-16,552.56,2016,5,16,Monday,0,0
2016-07-15,44.4,2016,7,15,Friday,4,0
2016-07-22,15.808,2016,7,22,Friday,4,0
2016-06-09,122.352,2016,6,9,Thursday,3,0
2016-03-11,30.336,2016,3,11,Friday,4,0
2016-03-04,10.08,2016,3,4,Friday,4,0
2016-08-21,573.174,2016,8,21,Sunday,6,1
2016-05-18,122.22,2016,5,18,Wednesday,2,0
2016-05-27,3963.57,2016,5,27,Friday,4,0
2016-12-26,4.992,2016,12,26,Monday,0,0
2016-04-04,203.63,2016,4,4,Monday,0,0
2016-09-04,147.26,2016,9,4,Sunday,6,1
2016-09-27,31.83,2016,9,27,Tuesday,1,0
2016-02-19,287.4,2016,2,19,Friday,4,0
2016-09-16,291.146,2016,9,16,Friday,4,0
2016-04-10,891.962,2016,4,10,Sunday,6,1
2016-08-21,37.264,2016,8,21,Sunday,6,1
2016-06-17,482.006,2016,6,17,Friday,4,0
2016-12-24,33.4,2016,12,24,Saturday,5,1
2016-11-24,392.832,2016,11,24,Thursday,3,0
2016-04-02,1454.9,2016,4,2,Saturday,5,1
2016-11-28,7.434,2016,11,28,Monday,0,0
2016-03-26,459.95,2016,3,26,Saturday,5,1
2016-09-25,15.936,2016,9,25,Sunday,6,1
2016-11-24,207.76,2016,11,24,Thursday,3,0
2016-09-06,371.504,2016,9,6,Tuesday,1,0
2016-09-12,1159.06,2016,9,12,Monday,0,0
2016-09-23,52.153,2016,9,23,Friday,4,0
2016-12-29,186.048,2016,12,29,Thursday,3,0
2016-03-31,327.996,2016,3,31,Thursday,3,0
2016-04-23,242.56,2016,4,23,Saturday,5,1
2016-04-08,24.7,2016,4,8,Friday,4,0
2016-04-12,191.808,2016,4,12,Tuesday,1,0
2016-10-15,1058.27,2016,10,15,Saturday,5,1
2016-11-24,123.656,2016,11,24,Thursday,3,0
2016-11-11,143.96,2016,11,11,Friday,4,0
2016-11-16,8.32,2016,11,16,Wednesday,2,0
2016-12-08,12.957,2016,12,8,Thursday,3,0
2016-09-01,12.78,2016,9,1,Thursday,3,0
2016-11-12,3588.096,2016,11,12,Saturday,5,1
2016-11-11,143.33,2016,11,11,Friday,4,0
2016-07-18,15.576,2016,7,18,Monday,0,0
2016-12-05,191.82,2016,12,5,Monday,0,0
2016-03-14,196.784,2016,3,14,Monday,0,0
2016-04-10,36.16,2016,4,10,Sunday,6,1
2016-02-06,132.224,2016,2,6,Saturday,5,1
2016-10-21,661.176,2016,10,21,Friday,4,0
2016-04-18,2027.188,2016,4,18,Monday,0,0
2016-11-05,479.72,2016,11,5,Saturday,5,1
2016-11-10,70.216,2016,11,10,Thursday,3,0
2016-01-03,114.46,2016,1,3,Sunday,6,1
2016-10-14,1649.75,2016,10,14,Friday,4,0
2016-06-06,328.224,2016,6,6,Monday,0,0
2016-11-24,180.712,2016,11,24,Thursday,3,0
2016-09-22,68.432,2016,9,22,Thursday,3,0
2016-10-15,219.12,2016,10,15,Saturday,5,1
2016-09-29,36.24,2016,9,29,Thursday,3,0
2016-10-28,12.42,2016,10,28,Friday,4,0
2016-08-13,125.92,2016,8,13,Saturday,5,1
2016-01-22,65.05,2016,1,22,Friday,4,0
2016-05-21,3.798,2016,5,21,Saturday,5,1
2016-12-04,611.028,2016,12,4,Sunday,6,1
2016-09-10,276.784,2016,9,10,Saturday,5,1
2016-07-25,686.244,2016,7,25,Monday,0,0
2016-05-05,71.088,2016,5,5,Thursday,3,0
2016-04-23,90.058,2016,4,23,Saturday,5,1
2016-09-20,83.7,2016,9,20,Tuesday,1,0
2016-01-11,94.452,2016,1,11,Monday,0,0
2016-01-09,15.168,2016,1,9,Saturday,5,1
2016-07-10,16.768,2016,7,10,Sunday,6,1
2016-10-10,30.392,2016,10,10,Monday,0,0
2016-09-02,1804.248,2016,9,2,Friday,4,0
2016-06-13,33.568,2016,6,13,Monday,0,0
2016-04-09,35.352,2016,4,9,Saturday,5,1
2016-11-19,31.96,2016,11,19,Saturday,5,1
2016-05-19,9.584,2016,5,19,Thursday,3,0
2016-03-12,1632.362,2016,3,12,Saturday,5,1
2016-12-10,62.82,2016,12,10,Saturday,5,1
2016-06-12,224.9,2016,6,12,Sunday,6,1
2016-03-29,458.351,2016,3,29,Tuesday,1,0
2016-11-28,740.088,2016,11,28,Monday,0,0
2016-11-03,8.82,2016,11,3,Thursday,3,0
2016-06-06,714.3,2016,6,6,Monday,0,0
2016-05-21,111.96,2016,5,21,Saturday,5,1
2016-10-07,837.6,2016,10,7,Friday,4,0
2016-03-20,697.16,2016,3,20,Sunday,6,1
2016-12-01,863.928,2016,12,1,Thursday,3,0
2016-11-10,885.57,2016,11,10,Thursday,3,0
2016-06-11,239.97,2016,6,11,Saturday,5,1
2016-04-01,7.04,2016,4,1,Friday,4,0
2016-03-17,39.68,2016,3,17,Thursday,3,0
2016-06-14,1293.488,2016,6,14,Tuesday,1,0
2016-03-30,11.34,2016,3,30,Wednesday,2,0
2016-07-25,20.936,2016,7,25,Monday,0,0
2016-12-10,422.662,2016,12,10,Saturday,5,1
2016-04-09,523.18,2016,4,9,Saturday,5,1
2016-11-24,527.224,2016,11,24,Thursday,3,0
2016-08-26,1603.136,2016,8,26,Friday,4,0
2016-08-11,151.82,2016,8,11,Thursday,3,0
2016-02-27,16.192,2016,2,27,Saturday,5,1
2016-08-29,22.0,2016,8,29,Monday,0,0
2016-09-12,42.244,2016,9,12,Monday,0,0
2016-05-07,4835.976,2016,5,7,Saturday,5,1
2016-11-03,103.2,2016,11,3,Thursday,3,0
2016-08-18,14.896,2016,8,18,Thursday,3,0
2016-12-09,18.72,2016,12,9,Friday,4,0
2016-11-13,30.36,2016,11,13,Sunday,6,1
2016-12-14,479.05,2016,12,14,Wednesday,2,0
2016-11-01,68.112,2016,11,1,Tuesday,1,0
2016-01-31,166.292,2016,1,31,Sunday,6,1
2016-05-03,1043.041,2016,5,3,Tuesday,1,0
2016-07-07,85.209,2016,7,7,Thursday,3,0
2016-09-04,2824.23,2016,9,4,Sunday,6,1
2016-11-27,160.384,2016,11,27,Sunday,6,1
2016-11-26,7.312,2016,11,26,Saturday,5,1
2016-09-01,4438.686,2016,9,1,Thursday,3,0
2016-05-30,167.84,2016,5,30,Monday,0,0
2016-09-02,84.272,2016,9,2,Friday,4,0
2016-06-17,376.866,2016,6,17,Friday,4,0
2016-12-26,1431.078,2016,12,26,Monday,0,0
2016-12-01,23.92,2016,12,1,Thursday,3,0
2016-04-23,36.24,2016,4,23,Saturday,5,1
2016-07-03,16.92,2016,7,3,Sunday,6,1
2016-07-16,9.552,2016,7,16,Saturday,5,1
2016-08-08,10.56,2016,8,8,Monday,0,0
2016-10-28,395.436,2016,10,28,Friday,4,0
2016-09-11,99.568,2016,9,11,Sunday,6,1
2016-09-19,159.88,2016,9,19,Monday,0,0
2016-11-26,313.176,2016,11,26,Saturday,5,1
2016-12-01,345.324,2016,12,1,Thursday,3,0
2016-03-08,183.168,2016,3,8,Tuesday,1,0
2016-09-02,115.46,2016,9,2,Friday,4,0
2016-12-16,34.944,2016,12,16,Friday,4,0
2016-04-08,97.96,2016,4,8,Friday,4,0
2016-08-22,26.352,2016,8,22,Monday,0,0
2016-05-16,310.56,2016,5,16,Monday,0,0
2016-06-24,38.24,2016,6,24,Friday,4,0
2016-11-19,53.49,2016,11,19,Saturday,5,1
2016-11-11,6.96,2016,11,11,Friday,4,0
2016-11-15,630.024,2016,11,15,Tuesday,1,0
2016-03-24,320.126,2016,3,24,Thursday,3,0
2016-04-08,1616.704,2016,4,8,Friday,4,0
2016-11-14,513.52,2016,11,14,Monday,0,0
2016-09-17,295.4,2016,9,17,Saturday,5,1
2016-09-04,291.74,2016,9,4,Sunday,6,1
2016-12-08,1475.584,2016,12,8,Thursday,3,0
2016-10-04,239.372,2016,10,4,Tuesday,1,0
2016-03-28,93.9,2016,3,28,Monday,0,0
2016-09-08,207.48,2016,9,8,Thursday,3,0
2016-11-22,49.44,2016,11,22,Tuesday,1,0
2016-12-17,24.904,2016,12,17,Saturday,5,1
2016-03-17,2073.35,2016,3,17,Thursday,3,0
2016-06-18,465.074,2016,6,18,Saturday,5,1
2016-07-17,815.12,2016,7,17,Sunday,6,1
2016-11-11,681.432,2016,11,11,Friday,4,0
2016-09-26,6.816,2016,9,26,Monday,0,0
2016-10-16,142.182,2016,10,16,Sunday,6,1
2016-08-26,53.456,2016,8,26,Friday,4,0
2016-09-03,48.16,2016,9,3,Saturday,5,1
2016-06-14,1115.17,2016,6,14,Tuesday,1,0
2016-05-26,36.352,2016,5,26,Thursday,3,0
2016-09-24,442.372,2016,9,24,Saturday,5,1
2016-11-25,73.36,2016,11,25,Friday,4,0
2016-10-23,379.4,2016,10,23,Sunday,6,1
2016-11-24,657.552,2016,11,24,Thursday,3,0
2016-12-23,921.024,2016,12,23,Friday,4,0
2016-04-07,3.64,2016,4,7,Thursday,3,0
2016-08-01,19.312,2016,8,1,Monday,0,0
2016-11-07,1030.494,2016,11,7,Monday,0,0
2016-09-06,99.156,2016,9,6,Tuesday,1,0
2016-05-16,17.34,2016,5,16,Monday,0,0
2016-09-05,192.16,2016,9,5,Monday,0,0
2016-12-09,132.809,2016,12,9,Friday,4,0
2016-01-14,405.344,2016,1,14,Thursday,3,0
2016-07-31,1311.03,2016,7,31,Sunday,6,1
2016-06-17,584.77,2016,6,17,Friday,4,0
2016-10-21,235.152,2016,10,21,Friday,4,0
2016-10-20,132.95,2016,10,20,Thursday,3,0
2016-11-26,3236.41,2016,11,26,Saturday,5,1
2016-05-23,1979.928,2016,5,23,Monday,0,0
2016-12-18,885.03,2016,12,18,Sunday,6,1
2016-03-14,41.904,2016,3,14,Monday,0,0
2016-05-10,743.988,2016,5,10,Tuesday,1,0
2016-06-14,58.4,2016,6,14,Tuesday,1,0
2016-09-18,2056.006,2016,9,18,Sunday,6,1
2016-11-17,82.408,2016,11,17,Thursday,3,0
2016-02-16,227.96,2016,2,16,Tuesday,1,0
2016-11-03,542.155,2016,11,3,Thursday,3,0
2016-09-17,396.0,2016,9,17,Saturday,5,1
2016-07-10,44.856,2016,7,10,Sunday,6,1
2016-02-14,573.741,2016,2,14,Sunday,6,1
2016-11-12,42.622,2016,11,12,Saturday,5,1
2016-09-29,15.936,2016,9,29,Thursday,3,0
2016-10-02,61.44,2016,10,2,Sunday,6,1
2016-12-08,114.95,2016,12,8,Thursday,3,0
2016-01-05,255.904,2016,1,5,Tuesday,1,0
2016-09-20,115.48,2016,9,20,Tuesday,1,0
2016-03-17,84.784,2016,3,17,Thursday,3,0
2016-11-14,2.296,2016,11,14,Monday,0,0
2016-10-28,100.496,2016,10,28,Friday,4,0
2016-04-08,215.84,2016,4,8,Friday,4,0
2016-05-28,1157.68,2016,5,28,Saturday,5,1
2016-03-25,1287.45,2016,3,25,Friday,4,0
2016-12-19,471.624,2016,12,19,Monday,0,0
2016-07-07,3136.868,2016,7,7,Thursday,3,0
2016-02-07,623.96,2016,2,7,Sunday,6,1
2016-06-30,50.12,2016,6,30,Thursday,3,0
2016-10-08,387.72,2016,10,8,Saturday,5,1
2016-12-23,1506.02,2016,12,23,Friday,4,0
2016-09-22,128.34,2016,9,22,Thursday,3,0
2016-08-14,121.092,2016,8,14,Sunday,6,1
2016-12-23,5.553,2016,12,23,Friday,4,0
2016-05-24,261.1,2016,5,24,Tuesday,1,0
2016-08-18,355.32,2016,8,18,Thursday,3,0
2016-09-05,228.586,2016,9,5,Monday,0,0
2016-06-13,18.9,2016,6,13,Monday,0,0
2016-03-13,4940.87,2016,3,13,Sunday,6,1
2016-10-21,74.32,2016,10,21,Friday,4,0
2016-07-09,573.286,2016,7,9,Saturday,5,1
2016-03-19,35.3,2016,3,19,Saturday,5,1
2016-04-15,1121.568,2016,4,15,Friday,4,0
2016-12-01,17.31,2016,12,1,Thursday,3,0
2016-12-01,4.704,2016,12,1,Thursday,3,0
2016-09-05,21.204,2016,9,5,Monday,0,0
2016-12-12,440.16,2016,12,12,Monday,0,0
2016-08-14,787.044,2016,8,14,Sunday,6,1
2016-11-18,1117.92,2016,11,18,Friday,4,0
2016-07-14,380.864,2016,7,14,Thursday,3,0
2016-05-27,13.38,2016,5,27,Friday,4,0
2016-12-23,859.14,2016,12,23,Friday,4,0
2016-07-14,663.964,2016,7,14,Thursday,3,0
2016-06-16,9.45,2016,6,16,Thursday,3,0
2016-09-09,15.008,2016,9,9,Friday,4,0
2016-04-28,41.568,2016,4,28,Thursday,3,0
2016-08-22,251.158,2016,8,22,Monday,0,0
2016-12-09,79.8,2016,12,9,Friday,4,0
2016-03-08,196.016,2016,3,8,Tuesday,1,0
2016-05-06,41.6,2016,5,6,Friday,4,0
2016-08-28,18.432,2016,8,28,Sunday,6,1
2016-09-05,116.0,2016,9,5,Monday,0,0
2016-05-05,252.148,2016,5,5,Thursday,3,0
2016-11-10,41.86,2016,11,10,Thursday,3,0
2016-07-30,1045.872,2016,7,30,Saturday,5,1
2016-01-15,126.176,2016,1,15,Friday,4,0
2016-07-20,89.95,2016,7,20,Wednesday,2,0
2016-09-29,27.24,2016,9,29,Thursday,3,0
2016-01-22,109.9,2016,1,22,Friday,4,0
2016-11-09,479.97,2016,11,9,Wednesday,2,0
2016-05-19,87.84,2016,5,19,Thursday,3,0
2016-10-21,4685.076,2016,10,21,Friday,4,0
2016-04-08,448.404,2016,4,8,Friday,4,0
2016-05-24,16.656,2016,5,24,Tuesday,1,0
2016-12-18,563.94,2016,12,18,Sunday,6,1
2016-12-27,40.0,2016,12,27,Tuesday,1,0
2016-06-12,14.62,2016,6,12,Sunday,6,1
2016-05-28,452.464,2016,5,28,Saturday,5,1
2016-04-24,3.984,2016,4,24,Sunday,6,1
2016-03-15,1356.576,2016,3,15,Tuesday,1,0
2016-02-21,511.948,2016,2,21,Sunday,6,1
2016-10-01,330.588,2016,10,1,Saturday,5,1
2016-05-06,29.384,2016,5,6,Friday,4,0
2016-05-25,1311.97,2016,5,25,Wednesday,2,0
2016-04-18,233.48,2016,4,18,Monday,0,0
2016-12-12,732.17,2016,12,12,Monday,0,0
2016-09-05,43.6,2016,9,5,Monday,0,0
2016-10-20,387.136,2016,10,20,Thursday,3,0
2016-04-26,434.646,2016,4,26,Tuesday,1,0
2016-12-29,40.896,2016,12,29,Thursday,3,0
2016-10-07,93.36,2016,10,7,Friday,4,0
2016-11-11,257.98,2016,11,11,Friday,4,0
2016-12-04,212.88,2016,12,4,Sunday,6,1
2016-12-18,66.976,2016,12,18,Sunday,6,1
2016-06-12,145.5,2016,6,12,Sunday,6,1
2016-07-01,1499.95,2016,7,1,Friday,4,0
2016-11-21,235.851,2016,11,21,Monday,0,0
2016-07-28,18.9,2016,7,28,Thursday,3,0
2016-06-20,538.022,2016,6,20,Monday,0,0
2016-10-31,736.26,2016,10,31,Monday,0,0
2016-11-05,29.12,2016,11,5,Saturday,5,1
2016-09-27,1001.584,2016,9,27,Tuesday,1,0
2016-08-22,5.76,2016,8,22,Monday,0,0
2016-06-23,997.934,2016,6,23,Thursday,3,0
2016-09-25,65.07,2016,9,25,Sunday,6,1
2016-12-24,197.97,2016,12,24,Saturday,5,1
2016-06-23,616.16,2016,6,23,Thursday,3,0
2016-06-29,191.88,2016,6,29,Wednesday,2,0
2016-12-05,33.92,2016,12,5,Monday,0,0
2016-03-15,365.44,2016,3,15,Tuesday,1,0
2016-07-22,86.2,2016,7,22,Friday,4,0
2016-10-03,15.648,2016,10,3,Monday,0,0
2016-10-28,38.19,2016,10,28,Friday,4,0
2016-01-15,181.797,2016,1,15,Friday,4,0
2016-09-05,107.94,2016,9,5,Monday,0,0
2016-09-18,383.438,2016,9,18,Sunday,6,1
2016-11-10,563.94,2016,11,10,Thursday,3,0
2016-06-16,91.475,2016,6,16,Thursday,3,0
2016-05-14,79.384,2016,5,14,Saturday,5,1
2016-12-09,125.81,2016,12,9,Friday,4,0
2016-05-15,7.764,2016,5,15,Sunday,6,1
2016-06-20,409.76,2016,6,20,Monday,0,0
2016-12-19,37.768,2016,12,19,Monday,0,0
2016-09-24,12.86,2016,9,24,Saturday,5,1
2016-10-17,18.16,2016,10,17,Monday,0,0
2016-01-11,54.992,2016,1,11,Monday,0,0
2016-07-21,195.92,2016,7,21,Thursday,3,0
2016-10-15,342.76,2016,10,15,Saturday,5,1
2016-12-15,1949.31,2016,12,15,Thursday,3,0
2016-09-19,254.99,2016,9,19,Monday,0,0
2016-04-12,651.496,2016,4,12,Tuesday,1,0
2016-06-11,458.574,2016,6,11,Saturday,5,1
2016-09-04,296.51,2016,9,4,Sunday,6,1
2016-10-28,1263.67,2016,10,28,Friday,4,0
2016-12-01,1517.049,2016,12,1,Thursday,3,0
2016-11-20,27.88,2016,11,20,Sunday,6,1
2016-05-23,37.05,2016,5,23,Monday,0,0
2016-07-21,370.184,2016,7,21,Thursday,3,0
2016-09-12,503.4,2016,9,12,Monday,0,0
2016-12-13,1120.368,2016,12,13,Tuesday,1,0
2016-12-02,165.6,2016,12,2,Friday,4,0
2016-11-04,10.74,2016,11,4,Friday,4,0
2016-09-26,547.997,2016,9,26,Monday,0,0
2016-11-05,11.84,2016,11,5,Saturday,5,1
2016-09-11,33.216,2016,9,11,Sunday,6,1
2016-12-11,403.92,2016,12,11,Sunday,6,1
2016-05-23,8539.02,2016,5,23,Monday,0,0
2016-12-05,81.94,2016,12,5,Monday,0,0
2016-12-01,2145.25,2016,12,1,Thursday,3,0
2016-08-12,145.764,2016,8,12,Friday,4,0
2016-07-28,130.36,2016,7,28,Thursday,3,0
2016-06-26,262.1,2016,6,26,Sunday,6,1
2016-11-05,344.018,2016,11,5,Saturday,5,1
2016-07-31,863.128,2016,7,31,Sunday,6,1
2016-10-31,1085.42,2016,10,31,Monday,0,0
2016-12-10,698.5,2016,12,10,Saturday,5,1
2016-08-01,19.648,2016,8,1,Monday,0,0
2016-10-28,314.393,2016,10,28,Friday,4,0
2016-02-23,57.576,2016,2,23,Tuesday,1,0
2016-09-05,91.23,2016,9,5,Monday,0,0
2016-11-07,119.976,2016,11,7,Monday,0,0
2016-02-02,73.784,2016,2,2,Tuesday,1,0
2016-10-21,154.44,2016,10,21,Friday,4,0
2016-09-02,1427.308,2016,9,2,Friday,4,0
2016-04-18,13.83,2016,4,18,Monday,0,0
2016-04-30,111.888,2016,4,30,Saturday,5,1
2016-07-22,6.3,2016,7,22,Friday,4,0
2016-11-27,186.95,2016,11,27,Sunday,6,1
2016-10-03,599.292,2016,10,3,Monday,0,0
2016-12-05,11.952,2016,12,5,Monday,0,0
2016-11-26,73.33,2016,11,26,Saturday,5,1
2016-11-10,899.59,2016,11,10,Thursday,3,0
2016-09-06,10.784,2016,9,6,Tuesday,1,0
2016-05-05,79.14,2016,5,5,Thursday,3,0
2016-12-18,610.418,2016,12,18,Sunday,6,1
2016-08-28,179.5368,2016,8,28,Sunday,6,1
2016-11-20,39.0,2016,11,20,Sunday,6,1
2016-05-30,3.282,2016,5,30,Monday,0,0
2016-11-11,492.966,2016,11,11,Friday,4,0
2016-10-13,256.196,2016,10,13,Thursday,3,0
2016-09-20,393.25,2016,9,20,Tuesday,1,0
2016-09-11,3354.98,2016,9,11,Sunday,6,1
2016-10-04,64.248,2016,10,4,Tuesday,1,0
2016-03-03,962.406,2016,3,3,Thursday,3,0
2016-06-17,40.74,2016,6,17,Friday,4,0
2016-09-26,124.58,2016,9,26,Monday,0,0
2016-09-18,1264.14,2016,9,18,Sunday,6,1
2016-12-18,802.02,2016,12,18,Sunday,6,1
2016-08-27,549.775,2016,8,27,Saturday,5,1
2016-05-20,40.635,2016,5,20,Friday,4,0
2016-12-14,133.38,2016,12,14,Wednesday,2,0
2016-02-14,264.18,2016,2,14,Sunday,6,1
2016-11-21,141.576,2016,11,21,Monday,0,0
2016-03-11,558.24,2016,3,11,Friday,4,0
2016-09-10,1020.89,2016,9,10,Saturday,5,1
2016-01-22,12.96,2016,1,22,Friday,4,0
2016-12-14,216.224,2016,12,14,Wednesday,2,0
2016-12-05,128.07,2016,12,5,Monday,0,0
2016-04-21,67.32,2016,4,21,Thursday,3,0
2016-01-28,39.68,2016,1,28,Thursday,3,0
2016-07-21,1.941,2016,7,21,Thursday,3,0
2016-11-15,1054.928,2016,11,15,Tuesday,1,0
2016-10-29,67.0,2016,10,29,Saturday,5,1
2016-11-04,192.8,2016,11,4,Friday,4,0
2016-05-02,90.516,2016,5,2,Monday,0,0
2016-10-31,1403.92,2016,10,31,Monday,0,0
2016-05-22,1562.086,2016,5,22,Sunday,6,1
2016-12-10,442.5,2016,12,10,Saturday,5,1
2016-12-18,18.84,2016,12,18,Sunday,6,1
2016-12-17,217.44,2016,12,17,Saturday,5,1
2016-12-10,80.28,2016,12,10,Saturday,5,1
2016-07-04,1376.445,2016,7,4,Monday,0,0
2016-10-17,2377.56,2016,10,17,Monday,0,0
2016-06-09,695.7,2016,6,9,Thursday,3,0
2016-06-12,1321.467,2016,6,12,Sunday,6,1
2016-07-25,1439.976,2016,7,25,Monday,0,0
2016-02-02,117.96,2016,2,2,Tuesday,1,0
2016-05-30,38.88,2016,5,30,Monday,0,0
2016-12-26,89.97,2016,12,26,Monday,0,0
2016-04-22,31.56,2016,4,22,Friday,4,0
2016-11-07,14.82,2016,11,7,Monday,0,0
2016-11-13,19.54,2016,11,13,Sunday,6,1
2016-01-31,15.552,2016,1,31,Sunday,6,1
2016-08-16,161.28,2016,8,16,Tuesday,1,0
2016-08-26,6.48,2016,8,26,Friday,4,0
2016-01-22,165.552,2016,1,22,Friday,4,0
2016-08-07,179.97,2016,8,7,Sunday,6,1
2016-06-16,46.35,2016,6,16,Thursday,3,0
2016-12-25,870.04,2016,12,25,Sunday,6,1
2016-05-02,86.352,2016,5,2,Monday,0,0
2016-11-15,361.376,2016,11,15,Tuesday,1,0
2016-09-25,477.666,2016,9,25,Sunday,6,1
2016-04-14,383.8,2016,4,14,Thursday,3,0
2016-05-26,1119.148,2016,5,26,Thursday,3,0
2016-11-05,53.248,2016,11,5,Saturday,5,1
2016-04-17,55.416,2016,4,17,Sunday,6,1
2016-09-05,52.096,2016,9,5,Monday,0,0
2016-09-06,77.88,2016,9,6,Tuesday,1,0
2016-05-26,26.94,2016,5,26,Thursday,3,0
2016-03-15,550.816,2016,3,15,Tuesday,1,0
2016-04-24,1344.42,2016,4,24,Sunday,6,1
2016-07-02,195.184,2016,7,2,Saturday,5,1
2016-07-25,37.17,2016,7,25,Monday,0,0
2016-11-12,22.752,2016,11,12,Saturday,5,1
2016-09-15,5.344,2016,9,15,Thursday,3,0
2016-07-25,10.44,2016,7,25,Monday,0,0
2016-11-13,4.18,2016,11,13,Sunday,6,1
2016-11-14,7.38,2016,11,14,Monday,0,0
2016-12-09,273.92,2016,12,9,Friday,4,0
2016-06-05,61.38,2016,6,5,Sunday,6,1
2016-10-08,60.144,2016,10,8,Saturday,5,1
2016-12-03,545.01,2016,12,3,Saturday,5,1
2016-09-04,131.104,2016,9,4,Sunday,6,1
2016-09-15,841.568,2016,9,15,Thursday,3,0
2016-04-01,88.04,2016,4,1,Friday,4,0
2016-12-22,66.92,2016,12,22,Thursday,3,0
2016-06-20,64.59,2016,6,20,Monday,0,0
2016-09-23,487.22,2016,9,23,Friday,4,0
2016-04-08,17.92,2016,4,8,Friday,4,0
2016-09-11,7.908,2016,9,11,Sunday,6,1
2016-02-04,90.48,2016,2,4,Thursday,3,0
2016-08-16,10.86,2016,8,16,Tuesday,1,0
2016-08-23,1599.864,2016,8,23,Tuesday,1,0
2016-05-31,252.007,2016,5,31,Tuesday,1,0
2016-11-17,10.776,2016,11,17,Thursday,3,0
2016-03-20,11.992,2016,3,20,Sunday,6,1
2016-12-18,900.08,2016,12,18,Sunday,6,1
2016-08-06,211.168,2016,8,6,Saturday,5,1
2016-08-20,14.78,2016,8,20,Saturday,5,1
2016-09-12,230.088,2016,9,12,Monday,0,0
2016-12-20,34.34,2016,12,20,Tuesday,1,0
2016-10-21,7.92,2016,10,21,Friday,4,0
2016-10-23,17.05,2016,10,23,Sunday,6,1
2016-09-05,112.12,2016,9,5,Monday,0,0
2016-04-21,8.32,2016,4,21,Thursday,3,0
2016-12-26,18.72,2016,12,26,Monday,0,0
2016-09-01,744.15,2016,9,1,Thursday,3,0
2016-09-22,16.52,2016,9,22,Thursday,3,0
2016-01-15,311.97,2016,1,15,Friday,4,0
2016-11-27,271.992,2016,11,27,Sunday,6,1
2016-11-08,993.9,2016,11,8,Tuesday,1,0
2016-07-01,85.5,2016,7,1,Friday,4,0
2016-11-12,383.14,2016,11,12,Saturday,5,1
2016-11-07,1603.136,2016,11,7,Monday,0,0
2016-08-26,1184.7,2016,8,26,Friday,4,0
2016-06-26,5.304,2016,6,26,Sunday,6,1
2016-05-15,13.776,2016,5,15,Sunday,6,1
2016-09-12,68.52,2016,9,12,Monday,0,0
2016-07-08,839.944,2016,7,8,Friday,4,0
2016-07-08,12.96,2016,7,8,Friday,4,0
2016-06-20,44.04,2016,6,20,Monday,0,0
2016-03-29,1702.38,2016,3,29,Tuesday,1,0
2016-10-27,40.2,2016,10,27,Thursday,3,0
2016-11-21,32.4,2016,11,21,Monday,0,0
2016-10-17,436.96,2016,10,17,Monday,0,0
2016-05-30,1282.61,2016,5,30,Monday,0,0
2016-06-15,173.488,2016,6,15,Wednesday,2,0
2016-04-13,6.12,2016,4,13,Wednesday,2,0
2016-04-28,29.472,2016,4,28,Thursday,3,0
2016-11-10,29.74,2016,11,10,Thursday,3,0
2016-09-08,146.04,2016,9,8,Thursday,3,0
2016-09-11,224.75,2016,9,11,Sunday,6,1
2016-09-14,1111.418,2016,9,14,Wednesday,2,0
2016-09-03,30.96,2016,9,3,Saturday,5,1
2016-03-09,435.85,2016,3,9,Wednesday,2,0
2016-10-25,783.96,2016,10,25,Tuesday,1,0
2016-01-25,27.21,2016,1,25,Monday,0,0
2016-08-18,39.99,2016,8,18,Thursday,3,0
2016-06-27,577.122,2016,6,27,Monday,0,0
2016-12-03,1761.85,2016,12,3,Saturday,5,1
2016-01-30,381.804,2016,1,30,Saturday,5,1
2016-05-30,839.988,2016,5,30,Monday,0,0
2016-10-30,143.702,2016,10,30,Sunday,6,1
2016-10-13,362.342,2016,10,13,Thursday,3,0
2016-03-04,16.99,2016,3,4,Friday,4,0
2016-05-02,187.056,2016,5,2,Monday,0,0
2016-02-01,105.52,2016,2,1,Monday,0,0
2016-05-22,222.384,2016,5,22,Sunday,6,1
2016-09-24,127.95,2016,9,24,Saturday,5,1
2016-05-23,4.98,2016,5,23,Monday,0,0
2016-11-16,28.4,2016,11,16,Wednesday,2,0
2016-09-05,9.555,2016,9,5,Monday,0,0
2016-06-09,692.94,2016,6,9,Thursday,3,0
2016-08-15,225.296,2016,8,15,Monday,0,0
2016-11-22,72.892,2016,11,22,Tuesday,1,0
2016-12-10,321.568,2016,12,10,Saturday,5,1
2016-06-28,475.86,2016,6,28,Tuesday,1,0
2016-04-30,7.712,2016,4,30,Saturday,5,1
2016-04-07,37.94,2016,4,7,Thursday,3,0
2016-06-13,377.97,2016,6,13,Monday,0,0
2016-10-07,10.56,2016,10,7,Friday,4,0
2016-09-08,99.872,2016,9,8,Thursday,3,0
2016-12-26,239.43,2016,12,26,Monday,0,0
2016-09-24,83.66,2016,9,24,Saturday,5,1
2016-12-17,46.53,2016,12,17,Saturday,5,1
2016-09-14,25.92,2016,9,14,Wednesday,2,0
2016-12-16,21.21,2016,12,16,Friday,4,0
2016-07-08,127.28,2016,7,8,Friday,4,0
2016-09-01,71.156,2016,9,1,Thursday,3,0
2016-11-13,44.02,2016,11,13,Sunday,6,1
2016-10-21,1179.27,2016,10,21,Friday,4,0
2016-12-17,2003.52,2016,12,17,Saturday,5,1
2016-04-18,240.04,2016,4,18,Monday,0,0
2016-05-28,54.9,2016,5,28,Saturday,5,1
2016-08-13,21.504,2016,8,13,Saturday,5,1
2016-06-14,337.176,2016,6,14,Tuesday,1,0
2016-08-12,1399.944,2016,8,12,Friday,4,0
2016-08-01,1085.688,2016,8,1,Monday,0,0
2016-10-01,111.75,2016,10,1,Saturday,5,1
2016-08-13,250.48,2016,8,13,Saturday,5,1
2016-08-02,482.584,2016,8,2,Tuesday,1,0
2016-12-29,754.45,2016,12,29,Thursday,3,0
2016-10-14,305.248,2016,10,14,Friday,4,0
2016-05-29,60.485,2016,5,29,Sunday,6,1
2016-07-08,911.256,2016,7,8,Friday,4,0
2016-11-30,933.95,2016,11,30,Wednesday,2,0
2016-10-27,68.952,2016,10,27,Thursday,3,0
2016-07-16,57.24,2016,7,16,Saturday,5,1
2016-07-16,199.18,2016,7,16,Saturday,5,1
2016-07-19,425.954,2016,7,19,Tuesday,1,0
2016-05-19,641.96,2016,5,19,Thursday,3,0
2016-12-24,799.56,2016,12,24,Saturday,5,1
2016-05-26,83.15,2016,5,26,Thursday,3,0
2016-11-05,1120.73,2016,11,5,Saturday,5,1
2016-12-01,840.0,2016,12,1,Thursday,3,0
2016-11-19,18.48,2016,11,19,Saturday,5,1
2016-09-18,107.396,2016,9,18,Sunday,6,1
2016-07-14,88.15,2016,7,14,Thursday,3,0
2016-10-01,194.848,2016,10,1,Saturday,5,1
2016-10-10,227.658,2016,10,10,Monday,0,0
2016-09-26,9.99,2016,9,26,Monday,0,0
2016-12-29,27.792,2016,12,29,Thursday,3,0
2016-06-04,677.949,2016,6,4,Saturday,5,1
2016-07-18,140.81,2016,7,18,Monday,0,0
2016-12-23,1999.96,2016,12,23,Friday,4,0
2016-12-23,24.85,2016,12,23,Friday,4,0
2016-08-23,1091.44,2016,8,23,Tuesday,1,0
2016-01-31,23.36,2016,1,31,Sunday,6,1
2016-09-03,1422.252,2016,9,3,Saturday,5,1
2016-05-02,330.82,2016,5,2,Monday,0,0
2016-01-04,109.252,2016,1,4,Monday,0,0
2016-11-04,686.4,2016,11,4,Friday,4,0
2016-12-08,10.584,2016,12,8,Thursday,3,0
2016-03-04,159.98,2016,3,4,Friday,4,0
2016-05-17,253.03,2016,5,17,Tuesday,1,0
2016-05-30,123.92,2016,5,30,Monday,0,0
2016-08-29,162.388,2016,8,29,Monday,0,0
2016-11-18,103.968,2016,11,18,Friday,4,0
2016-09-19,69.52,2016,9,19,Monday,0,0
2016-09-22,35.88,2016,9,22,Thursday,3,0
2016-11-10,1467.134,2016,11,10,Thursday,3,0
2016-09-05,1024.637,2016,9,5,Monday,0,0
2016-01-07,48.996,2016,1,7,Thursday,3,0
2016-03-13,361.104,2016,3,13,Sunday,6,1
2016-02-02,8805.04,2016,2,2,Tuesday,1,0
2016-08-06,70.88,2016,8,6,Saturday,5,1
2016-10-24,15.552,2016,10,24,Monday,0,0
2016-09-23,197.968,2016,9,23,Friday,4,0
2016-03-10,4173.812,2016,3,10,Thursday,3,0
2016-11-03,184.149,2016,11,3,Thursday,3,0
2016-04-04,177.78,2016,4,4,Monday,0,0
2016-11-01,273.59,2016,11,1,Tuesday,1,0
2016-06-17,111.96,2016,6,17,Friday,4,0
2016-03-13,628.937,2016,3,13,Sunday,6,1
2016-11-27,31.56,2016,11,27,Sunday,6,1
2016-05-22,14.73,2016,5,22,Sunday,6,1
2016-04-05,158.368,2016,4,5,Tuesday,1,0
2016-09-17,219.472,2016,9,17,Saturday,5,1
2016-09-03,8.808,2016,9,3,Saturday,5,1
2016-05-09,27.86,2016,5,9,Monday,0,0
2016-01-31,1396.35,2016,1,31,Sunday,6,1
2016-08-29,419.87,2016,8,29,Monday,0,0
2016-07-07,339.98,2016,7,7,Thursday,3,0
2016-12-09,40.68,2016,12,9,Friday,4,0
2016-12-08,1085.87,2016,12,8,Thursday,3,0
2016-11-23,100.616,2016,11,23,Wednesday,2,0
2016-11-03,9.248,2016,11,3,Thursday,3,0
2016-10-20,338.54,2016,10,20,Thursday,3,0
2016-06-26,135.95,2016,6,26,Sunday,6,1
2016-11-29,242.176,2016,11,29,Tuesday,1,0
2016-01-02,405.92,2016,1,2,Saturday,5,1
2016-09-15,35.4,2016,9,15,Thursday,3,0
2016-12-30,72.224,2016,12,30,Friday,4,0
2016-05-05,305.496,2016,5,5,Thursday,3,0
2016-11-25,883.32,2016,11,25,Friday,4,0
2016-08-26,31.008,2016,8,26,Friday,4,0
2016-06-06,3528.488,2016,6,6,Monday,0,0
2016-12-11,633.176,2016,12,11,Sunday,6,1
2016-09-05,278.4,2016,9,5,Monday,0,0
2016-07-21,423.05,2016,7,21,Thursday,3,0
2016-12-03,772.68,2016,12,3,Saturday,5,1
2016-06-28,41.32,2016,6,28,Tuesday,1,0
2016-05-09,8.0,2016,5,9,Monday,0,0
2016-08-29,27.93,2016,8,29,Monday,0,0
2016-03-26,34.68,2016,3,26,Saturday,5,1
2016-12-05,407.976,2016,12,5,Monday,0,0
2016-04-01,46.002,2016,4,1,Friday,4,0
2016-05-10,11.96,2016,5,10,Tuesday,1,0
2016-02-07,30.352,2016,2,7,Sunday,6,1
2016-11-07,90.396,2016,11,7,Monday,0,0
2016-07-18,33.8,2016,7,18,Monday,0,0
2016-10-21,615.406,2016,10,21,Friday,4,0
2016-09-29,40.88,2016,9,29,Thursday,3,0
2016-04-28,385.288,2016,4,28,Thursday,3,0
2016-04-05,887.966,2016,4,5,Tuesday,1,0
2016-06-27,201.584,2016,6,27,Monday,0,0
2016-03-14,392.06,2016,3,14,Monday,0,0
2016-07-18,55.992,2016,7,18,Monday,0,0
2016-04-23,351.51,2016,4,23,Saturday,5,1
2016-09-16,121.78,2016,9,16,Friday,4,0
2016-12-11,1252.636,2016,12,11,Sunday,6,1
2016-04-03,10.272,2016,4,3,Sunday,6,1
2016-11-04,1106.924,2016,11,4,Friday,4,0
2016-11-27,167.292,2016,11,27,Sunday,6,1
2016-11-10,9.98,2016,11,10,Thursday,3,0
2016-06-30,1302.83,2016,6,30,Thursday,3,0
2016-09-05,103.054,2016,9,5,Monday,0,0
2016-12-06,1671.08,2016,12,6,Tuesday,1,0
2016-07-23,11.416,2016,7,23,Saturday,5,1
2016-10-07,27.264,2016,10,7,Friday,4,0
2016-12-27,34.048,2016,12,27,Tuesday,1,0
2016-05-11,5.98,2016,5,11,Wednesday,2,0
2016-03-20,86.45,2016,3,20,Sunday,6,1
2016-03-28,31.4,2016,3,28,Monday,0,0
2016-07-24,253.764,2016,7,24,Sunday,6,1
2016-02-08,241.5,2016,2,8,Monday,0,0
2016-03-21,100.716,2016,3,21,Monday,0,0
2016-11-28,2673.69,2016,11,28,Monday,0,0
2016-08-26,186.54,2016,8,26,Friday,4,0
2016-09-27,2.907,2016,9,27,Tuesday,1,0
2016-10-07,4.928,2016,10,7,Friday,4,0
2016-11-04,1465.032,2016,11,4,Friday,4,0
2016-11-10,45.616,2016,11,10,Thursday,3,0
2016-05-03,55.972,2016,5,3,Tuesday,1,0
2016-11-24,1219.96,2016,11,24,Thursday,3,0
2016-04-12,250.416,2016,4,12,Tuesday,1,0
2016-12-05,3.536,2016,12,5,Monday,0,0
2016-11-04,209.88,2016,11,4,Friday,4,0
2016-07-19,1110.5,2016,7,19,Tuesday,1,0
2016-12-02,2781.77,2016,12,2,Friday,4,0
2016-01-10,24.85,2016,1,10,Sunday,6,1
2016-12-30,16.52,2016,12,30,Friday,4,0
2016-10-17,120.666,2016,10,17,Monday,0,0
2016-09-03,54.5,2016,9,3,Saturday,5,1
2016-06-12,23.12,2016,6,12,Sunday,6,1
2016-09-17,547.33,2016,9,17,Saturday,5,1
2016-09-11,59.948,2016,9,11,Sunday,6,1
2016-09-10,67.56,2016,9,10,Saturday,5,1
2016-11-12,878.328,2016,11,12,Saturday,5,1
2016-01-30,17.456,2016,1,30,Saturday,5,1
2016-09-05,9.248,2016,9,5,Monday,0,0
2016-11-19,147.912,2016,11,19,Saturday,5,1
2016-07-29,732.156,2016,7,29,Friday,4,0
2016-03-04,128.4,2016,3,4,Friday,4,0
2016-05-08,211.96,2016,5,8,Sunday,6,1
2016-04-14,81.2,2016,4,14,Thursday,3,0
2016-12-02,812.68,2016,12,2,Friday,4,0
2016-05-01,377.346,2016,5,1,Sunday,6,1
2016-06-03,71.088,2016,6,3,Friday,4,0
2016-11-07,12.9,2016,11,7,Monday,0,0
2016-07-10,341.991,2016,7,10,Sunday,6,1
2016-02-11,69.93,2016,2,11,Thursday,3,0
2016-02-25,46.72,2016,2,25,Thursday,3,0
2016-10-22,31.4,2016,10,22,Saturday,5,1
2016-06-05,386.48,2016,6,5,Sunday,6,1
2016-03-05,162.344,2016,3,5,Saturday,5,1
2016-07-23,324.387,2016,7,23,Saturday,5,1
2016-12-11,1937.924,2016,12,11,Sunday,6,1
2016-11-25,5.08,2016,11,25,Friday,4,0
2016-10-23,70.972,2016,10,23,Sunday,6,1
2016-11-24,25.35,2016,11,24,Thursday,3,0
2016-05-15,15.232,2016,5,15,Sunday,6,1
2016-09-26,12.96,2016,9,26,Monday,0,0
2016-11-04,50.496,2016,11,4,Friday,4,0
2016-06-04,1562.694,2016,6,4,Saturday,5,1
2016-09-10,143.24,2016,9,10,Saturday,5,1
2016-08-30,387.0,2016,8,30,Tuesday,1,0
2016-08-15,75.126,2016,8,15,Monday,0,0
2016-11-18,129.032,2016,11,18,Friday,4,0
2016-06-24,8.712,2016,6,24,Friday,4,0
2016-10-24,199.99,2016,10,24,Monday,0,0
2016-04-16,158.256,2016,4,16,Saturday,5,1
2016-10-21,106.08,2016,10,21,Friday,4,0
2016-05-30,138.53,2016,5,30,Monday,0,0
2016-09-02,999.98,2016,9,2,Friday,4,0
2016-11-04,38.29,2016,11,4,Friday,4,0
2016-02-20,16.496,2016,2,20,Saturday,5,1
2016-11-14,37.63,2016,11,14,Monday,0,0
2016-04-14,25.06,2016,4,14,Thursday,3,0
2016-09-22,63.968,2016,9,22,Thursday,3,0
2016-04-01,560.78,2016,4,1,Friday,4,0
2016-09-20,163.88,2016,9,20,Tuesday,1,0
2016-01-15,81.98,2016,1,15,Friday,4,0
2016-04-04,588.784,2016,4,4,Monday,0,0
2016-08-15,533.09,2016,8,15,Monday,0,0
2016-10-30,11.68,2016,10,30,Sunday,6,1
2016-05-12,54.9,2016,5,12,Thursday,3,0
2016-12-22,65.944,2016,12,22,Thursday,3,0
2016-03-29,498.608,2016,3,29,Tuesday,1,0
2016-08-12,6.48,2016,8,12,Friday,4,0
2016-04-28,30.344,2016,4,28,Thursday,3,0
2016-04-03,331.08,2016,4,3,Sunday,6,1
2016-03-03,134.85,2016,3,3,Thursday,3,0
2016-08-21,33.44,2016,8,21,Sunday,6,1
2016-01-30,2067.796,2016,1,30,Saturday,5,1
2016-01-25,831.502,2016,1,25,Monday,0,0
2016-04-24,258.696,2016,4,24,Sunday,6,1
2016-09-19,2545.12,2016,9,19,Monday,0,0
2016-06-21,0.836,2016,6,21,Tuesday,1,0
2016-12-20,66.3,2016,12,20,Tuesday,1,0
2016-07-03,706.86,2016,7,3,Sunday,6,1
2016-09-19,8.928,2016,9,19,Monday,0,0
2016-05-29,1002.7,2016,5,29,Sunday,6,1
2016-09-04,535.41,2016,9,4,Sunday,6,1
2016-11-07,479.97,2016,11,7,Monday,0,0
2016-05-31,186.852,2016,5,31,Tuesday,1,0
2016-11-03,903.77,2016,11,3,Thursday,3,0
2016-10-20,19.296,2016,10,20,Thursday,3,0
2016-02-16,167.182,2016,2,16,Tuesday,1,0
2016-08-08,23.34,2016,8,8,Monday,0,0
2016-03-08,1466.32,2016,3,8,Tuesday,1,0
2016-05-09,93.98,2016,5,9,Monday,0,0
2016-06-20,66.8,2016,6,20,Monday,0,0
2016-07-14,29.61,2016,7,14,Thursday,3,0
2016-10-21,111.672,2016,10,21,Friday,4,0
2016-03-10,3384.45,2016,3,10,Thursday,3,0
2016-12-25,2563.056,2016,12,25,Sunday,6,1
2016-12-12,107.07,2016,12,12,Monday,0,0
2016-11-25,1745.91,2016,11,25,Friday,4,0
2016-10-22,116.96,2016,10,22,Saturday,5,1
2016-06-11,22.16,2016,6,11,Saturday,5,1
2016-05-19,821.224,2016,5,19,Thursday,3,0
2016-09-26,366.78,2016,9,26,Monday,0,0
2016-09-04,66.288,2016,9,4,Sunday,6,1
2017-11-06,29.69,2017,11,6,Monday,0,0
2017-05-28,152.59,2017,5,28,Sunday,6,1
2017-11-26,1115.25,2017,11,26,Sunday,6,1
2017-09-20,7359.918,2017,9,20,Wednesday,2,0
2017-09-07,49.688,2017,9,7,Thursday,3,0
2016-12-31,302.376,2016,12,31,Saturday,5,1
2017-07-05,396.394,2017,7,5,Wednesday,2,0
2017-12-11,149.872,2017,12,11,Monday,0,0
2017-10-15,11.68,2017,10,15,Sunday,6,1
2017-09-29,372.446,2017,9,29,Friday,4,0
2017-09-07,73.008,2017,9,7,Thursday,3,0
2017-10-21,23.992,2017,10,21,Saturday,5,1
2017-06-24,421.42,2017,6,24,Saturday,5,1
2017-12-22,141.96,2017,12,22,Friday,4,0
2017-06-04,12.48,2017,6,4,Sunday,6,1
2017-08-11,25.92,2017,8,11,Friday,4,0
2017-03-31,782.4,2017,3,31,Friday,4,0
2017-08-13,36.024,2017,8,13,Sunday,6,1
2017-11-16,48.86,2017,11,16,Thursday,3,0
2017-04-20,347.378,2017,4,20,Thursday,3,0
2017-11-03,1030.742,2017,11,3,Friday,4,0
2017-06-26,272.94,2017,6,26,Monday,0,0
2017-06-29,1295.78,2017,6,29,Thursday,3,0
2017-05-13,58.48,2017,5,13,Saturday,5,1
2017-09-04,30.384,2017,9,4,Monday,0,0
2017-11-21,47.744,2017,11,21,Tuesday,1,0
2017-09-09,99.87,2017,9,9,Saturday,5,1
2017-11-17,699.4,2017,11,17,Friday,4,0
2017-06-09,720.76,2017,6,9,Friday,4,0
2017-08-29,148.02,2017,8,29,Tuesday,1,0
2017-11-19,843.84,2017,11,19,Sunday,6,1
2017-06-21,59.176,2017,6,21,Wednesday,2,0
2017-03-25,6.848,2017,3,25,Saturday,5,1
2017-09-04,56.136,2017,9,4,Monday,0,0
2017-08-25,13.152,2017,8,25,Friday,4,0
2017-11-27,410.71,2017,11,27,Monday,0,0
2017-08-27,14.336,2017,8,27,Sunday,6,1
2017-10-02,93.724,2017,10,2,Monday,0,0
2017-12-28,340.704,2017,12,28,Thursday,3,0
2017-06-20,249.79,2017,6,20,Tuesday,1,0
2017-07-29,61.216,2017,7,29,Saturday,5,1
2017-09-28,9.24,2017,9,28,Thursday,3,0
2017-10-22,177.225,2017,10,22,Sunday,6,1
2017-03-24,12.768,2017,3,24,Friday,4,0
2017-11-25,5.16,2017,11,25,Saturday,5,1
2017-04-23,30.352,2017,4,23,Sunday,6,1
2017-08-19,2.296,2017,8,19,Saturday,5,1
2017-10-03,171.288,2017,10,3,Tuesday,1,0
2017-12-11,63.34,2017,12,11,Monday,0,0
2017-12-01,627.84,2017,12,1,Friday,4,0
2017-11-24,10.824,2017,11,24,Friday,4,0
2017-02-28,17.62,2017,2,28,Tuesday,1,0
2017-12-18,51.99,2017,12,18,Monday,0,0
2017-07-13,373.94,2017,7,13,Thursday,3,0
2017-12-20,364.272,2017,12,20,Wednesday,2,0
2017-05-01,3740.51,2017,5,1,Monday,0,0
2017-09-02,11.696,2017,9,2,Saturday,5,1
2017-11-30,2.368,2017,11,30,Thursday,3,0
2017-09-23,212.91,2017,9,23,Saturday,5,1
2017-06-13,683.022,2017,6,13,Tuesday,1,0
2017-12-02,1378.948,2017,12,2,Saturday,5,1
2017-12-09,1096.488,2017,12,9,Saturday,5,1
2017-05-15,49.896,2017,5,15,Monday,0,0
2017-11-27,190.67,2017,11,27,Monday,0,0
2017-06-11,3.76,2017,6,11,Sunday,6,1
2017-11-04,248.396,2017,11,4,Saturday,5,1
2017-12-09,54.9,2017,12,9,Saturday,5,1
2017-10-26,55.616,2017,10,26,Thursday,3,0
2017-09-05,177.08,2017,9,5,Tuesday,1,0
2017-09-04,1322.352,2017,9,4,Monday,0,0
2017-03-31,84.95,2017,3,31,Friday,4,0
2017-05-07,419.944,2017,5,7,Sunday,6,1
2017-03-09,199.98,2017,3,9,Thursday,3,0
2017-11-05,796.036,2017,11,5,Sunday,6,1
2017-06-30,75.792,2017,6,30,Friday,4,0
2017-09-22,67.4,2017,9,22,Friday,4,0
2017-09-19,190.01,2017,9,19,Tuesday,1,0
2017-11-03,26.4,2017,11,3,Friday,4,0
2017-10-20,59.824,2017,10,20,Friday,4,0
2017-11-23,24.048,2017,11,23,Thursday,3,0
2017-10-13,1541.51,2017,10,13,Friday,4,0
2017-11-27,114.414,2017,11,27,Monday,0,0
2017-11-21,739.736,2017,11,21,Tuesday,1,0
2017-12-03,13.592,2017,12,3,Sunday,6,1
2017-12-17,315.896,2017,12,17,Sunday,6,1
2017-07-21,97.056,2017,7,21,Friday,4,0
2017-11-20,209.568,2017,11,20,Monday,0,0
2017-07-23,41.4,2017,7,23,Sunday,6,1
2017-09-23,9.248,2017,9,23,Saturday,5,1
2017-09-12,8.36,2017,9,12,Tuesday,1,0
2017-11-24,13.762,2017,11,24,Friday,4,0
2017-09-07,1577.94,2017,9,7,Thursday,3,0
2017-12-01,629.64,2017,12,1,Friday,4,0
2017-10-07,307.666,2017,10,7,Saturday,5,1
2017-04-23,54.9,2017,4,23,Sunday,6,1
2017-08-29,9.408,2017,8,29,Tuesday,1,0
2017-12-05,205.03,2017,12,5,Tuesday,1,0
2017-03-08,174.56,2017,3,8,Wednesday,2,0
2017-12-02,12.16,2017,12,2,Saturday,5,1
2017-11-01,230.69,2017,11,1,Wednesday,2,0
2017-01-30,340.22,2017,1,30,Monday,0,0
2017-05-13,20.768,2017,5,13,Saturday,5,1
2017-12-16,33.376,2017,12,16,Saturday,5,1
2017-07-05,79.96,2017,7,5,Wednesday,2,0
2017-05-12,87.6,2017,5,12,Friday,4,0
2017-01-24,412.996,2017,1,24,Tuesday,1,0
2017-11-10,1362.056,2017,11,10,Friday,4,0
2017-02-23,37.44,2017,2,23,Thursday,3,0
2017-07-21,951.98,2017,7,21,Friday,4,0
2017-05-29,79.344,2017,5,29,Monday,0,0
2017-02-13,914.12,2017,2,13,Monday,0,0
2017-10-20,24.55,2017,10,20,Friday,4,0
2017-06-13,291.136,2017,6,13,Tuesday,1,0
2017-11-18,552.856,2017,11,18,Saturday,5,1
2017-03-02,627.48,2017,3,2,Thursday,3,0
2017-02-13,17.94,2017,2,13,Monday,0,0
2017-11-18,74.95,2017,11,18,Saturday,5,1
2017-12-22,108.13,2017,12,22,Friday,4,0
2017-07-07,17.472,2017,7,7,Friday,4,0
2017-06-24,21.744,2017,6,24,Saturday,5,1
2017-11-21,52.496,2017,11,21,Tuesday,1,0
2017-11-04,23.68,2017,11,4,Saturday,5,1
2017-03-25,11.05,2017,3,25,Saturday,5,1
2017-06-16,1231.5,2017,6,16,Friday,4,0
2017-12-05,334.52,2017,12,5,Tuesday,1,0
2017-08-20,25.92,2017,8,20,Sunday,6,1
2017-11-30,899.11,2017,11,30,Thursday,3,0
2017-03-19,976.828,2017,3,19,Sunday,6,1
2017-02-20,9.432,2017,2,20,Monday,0,0
2017-12-20,13.464,2017,12,20,Wednesday,2,0
2017-10-08,419.832,2017,10,8,Sunday,6,1
2017-11-24,33.29,2017,11,24,Friday,4,0
2017-12-25,141.0,2017,12,25,Monday,0,0
2017-09-17,1749.902,2017,9,17,Sunday,6,1
2017-02-20,238.198,2017,2,20,Monday,0,0
2017-06-22,487.96,2017,6,22,Thursday,3,0
2017-03-13,1332.496,2017,3,13,Monday,0,0
2017-12-18,18.96,2017,12,18,Monday,0,0
2017-10-02,1687.26,2017,10,2,Monday,0,0
2017-08-14,418.296,2017,8,14,Monday,0,0
2017-05-05,120.783,2017,5,5,Friday,4,0
2017-10-15,87.92,2017,10,15,Sunday,6,1
2017-07-12,3.816,2017,7,12,Wednesday,2,0
2017-10-23,337.818,2017,10,23,Monday,0,0
2017-06-10,132.52,2017,6,10,Saturday,5,1
2017-09-18,163.38,2017,9,18,Monday,0,0
2017-04-02,11.12,2017,4,2,Sunday,6,1
2017-10-19,330.4712,2017,10,19,Thursday,3,0
2017-08-12,20.736,2017,8,12,Saturday,5,1
2017-11-06,1.248,2017,11,6,Monday,0,0
2017-07-03,102.3,2017,7,3,Monday,0,0
2017-12-21,375.34,2017,12,21,Thursday,3,0
2017-07-07,5.94,2017,7,7,Friday,4,0
2017-06-01,189.918,2017,6,1,Thursday,3,0
2017-06-20,36.352,2017,6,20,Tuesday,1,0
2017-03-13,780.086,2017,3,13,Monday,0,0
2017-11-14,8.64,2017,11,14,Tuesday,1,0
2017-12-17,11.808,2017,12,17,Sunday,6,1
2017-11-27,136.328,2017,11,27,Monday,0,0
2017-06-26,913.168,2017,6,26,Monday,0,0
2017-06-10,1347.52,2017,6,10,Saturday,5,1
2017-11-06,2595.388,2017,11,6,Monday,0,0
2017-07-27,194.848,2017,7,27,Thursday,3,0
2017-09-07,19.76,2017,9,7,Thursday,3,0
2017-04-06,106.32,2017,4,6,Thursday,3,0
2017-09-05,2.78,2017,9,5,Tuesday,1,0
2017-11-30,25.83,2017,11,30,Thursday,3,0
2017-08-31,696.08,2017,8,31,Thursday,3,0
2017-12-17,28.16,2017,12,17,Sunday,6,1
2017-12-21,23.88,2017,12,21,Thursday,3,0
2017-01-01,48.896,2017,1,1,Sunday,6,1
2017-02-05,2011.9,2017,2,5,Sunday,6,1
2017-05-05,6.68,2017,5,5,Friday,4,0
2017-12-14,457.176,2017,12,14,Thursday,3,0
2017-03-13,174.3,2017,3,13,Monday,0,0
2017-11-06,46.26,2017,11,6,Monday,0,0
2017-10-19,29.472,2017,10,19,Thursday,3,0
2017-12-10,108.8,2017,12,10,Sunday,6,1
2017-05-08,41.472,2017,5,8,Monday,0,0
2017-11-18,143.48,2017,11,18,Saturday,5,1
2017-11-23,7.476,2017,11,23,Thursday,3,0
2017-05-26,12.96,2017,5,26,Friday,4,0
2017-11-21,27.42,2017,11,21,Tuesday,1,0
2017-09-01,42.91,2017,9,1,Friday,4,0
2017-07-02,169.192,2017,7,2,Sunday,6,1
2017-12-13,31.44,2017,12,13,Wednesday,2,0
2017-01-12,9.78,2017,1,12,Thursday,3,0
2017-11-29,491.888,2017,11,29,Wednesday,2,0
2017-04-16,308.753,2017,4,16,Sunday,6,1
2017-11-16,23.36,2017,11,16,Thursday,3,0
2017-11-15,559.2,2017,11,15,Wednesday,2,0
2017-12-18,12.672,2017,12,18,Monday,0,0
2017-12-10,34.5,2017,12,10,Sunday,6,1
2017-04-30,26.056,2017,4,30,Sunday,6,1
2017-12-09,444.768,2017,12,9,Saturday,5,1
2017-06-12,954.548,2017,6,12,Monday,0,0
2017-03-21,745.28,2017,3,21,Tuesday,1,0
2017-04-23,244.65,2017,4,23,Sunday,6,1
2017-07-08,1058.108,2017,7,8,Saturday,5,1
2017-10-07,1324.574,2017,10,7,Saturday,5,1
2017-09-12,91.14,2017,9,12,Tuesday,1,0
2017-12-25,31.8,2017,12,25,Monday,0,0
2017-07-27,558.81,2017,7,27,Thursday,3,0
2017-12-08,243.584,2017,12,8,Friday,4,0
2017-09-24,103.056,2017,9,24,Sunday,6,1
2017-09-14,20.12,2017,9,14,Thursday,3,0
2017-02-17,1448.853,2017,2,17,Friday,4,0
2017-10-06,40.99,2017,10,6,Friday,4,0
2017-12-04,649.0,2017,12,4,Monday,0,0
2017-04-04,16.98,2017,4,4,Tuesday,1,0
2017-06-30,435.999,2017,6,30,Friday,4,0
2017-12-21,71.0,2017,12,21,Thursday,3,0
2017-12-02,178.89,2017,12,2,Saturday,5,1
2017-12-09,15.984,2017,12,9,Saturday,5,1
2017-07-22,29.97,2017,7,22,Saturday,5,1
2017-09-04,49.704,2017,9,4,Monday,0,0
2017-07-16,2.912,2017,7,16,Sunday,6,1
2017-04-16,16.52,2017,4,16,Sunday,6,1
2017-12-09,188.24,2017,12,9,Saturday,5,1
2017-05-01,318.96,2017,5,1,Monday,0,0
2017-05-01,48.9,2017,5,1,Monday,0,0
2017-10-27,68.967,2017,10,27,Friday,4,0
2017-10-27,34.24,2017,10,27,Friday,4,0
2017-09-02,6.57,2017,9,2,Saturday,5,1
2017-11-03,11.673,2017,11,3,Friday,4,0
2017-11-21,1242.632,2017,11,21,Tuesday,1,0
2017-03-04,24.57,2017,3,4,Saturday,5,1
2017-12-23,27.46,2017,12,23,Saturday,5,1
2017-08-07,237.608,2017,8,7,Monday,0,0
2017-11-11,151.93,2017,11,11,Saturday,5,1
2017-03-07,117.51,2017,3,7,Tuesday,1,0
2017-09-10,808.92,2017,9,10,Sunday,6,1
2017-11-19,25.06,2017,11,19,Sunday,6,1
2017-07-23,121.536,2017,7,23,Sunday,6,1
2017-06-15,19.56,2017,6,15,Thursday,3,0
2017-09-02,257.508,2017,9,2,Saturday,5,1
2017-10-28,65.728,2017,10,28,Saturday,5,1
2017-06-16,503.872,2017,6,16,Friday,4,0
2017-05-20,891.53,2017,5,20,Saturday,5,1
2017-02-24,4.956,2017,2,24,Friday,4,0
2017-09-02,215.976,2017,9,2,Saturday,5,1
2017-11-20,1559.668,2017,11,20,Monday,0,0
2017-10-16,307.776,2017,10,16,Monday,0,0
2017-03-21,425.056,2017,3,21,Tuesday,1,0
2017-07-03,167.968,2017,7,3,Monday,0,0
2017-11-30,1311.372,2017,11,30,Thursday,3,0
2017-10-10,239.358,2017,10,10,Tuesday,1,0
2017-01-03,2031.392,2017,1,3,Tuesday,1,0
2017-07-08,52.76,2017,7,8,Saturday,5,1
2017-12-16,10.8,2017,12,16,Saturday,5,1
2017-03-03,280.96,2017,3,3,Friday,4,0
2017-09-25,199.491,2017,9,25,Monday,0,0
2017-03-25,470.376,2017,3,25,Saturday,5,1
2017-06-10,14.13,2017,6,10,Saturday,5,1
2017-04-08,2633.51,2017,4,8,Saturday,5,1
2017-10-12,441.72,2017,10,12,Thursday,3,0
2017-05-25,50.136,2017,5,25,Thursday,3,0
2017-12-26,3.132,2017,12,26,Tuesday,1,0
2017-09-17,1782.104,2017,9,17,Sunday,6,1
2017-11-19,749.892,2017,11,19,Sunday,6,1
2017-05-18,17.798,2017,5,18,Thursday,3,0
2017-01-30,142.344,2017,1,30,Monday,0,0
2017-06-18,956.8035,2017,6,18,Sunday,6,1
2017-09-11,34.504,2017,9,11,Monday,0,0
2017-08-18,228.188,2017,8,18,Friday,4,0
2017-11-13,198.55,2017,11,13,Monday,0,0
2017-05-18,36.048,2017,5,18,Thursday,3,0
2017-04-09,478.24,2017,4,9,Sunday,6,1
2017-08-21,394.48,2017,8,21,Monday,0,0
2017-09-16,20.544,2017,9,16,Saturday,5,1
2017-09-02,40.68,2017,9,2,Saturday,5,1
2017-03-26,60.84,2017,3,26,Sunday,6,1
2017-01-14,358.7,2017,1,14,Saturday,5,1
2017-12-01,536.858,2017,12,1,Friday,4,0
2017-10-01,1704.89,2017,10,1,Sunday,6,1
2017-10-21,401.364,2017,10,21,Saturday,5,1
2017-11-07,272.97,2017,11,7,Tuesday,1,0
2017-03-30,325.86,2017,3,30,Thursday,3,0
2017-01-02,740.214,2017,1,2,Monday,0,0
2017-05-19,726.828,2017,5,19,Friday,4,0
2017-10-21,729.648,2017,10,21,Saturday,5,1
2017-11-07,7.88,2017,11,7,Tuesday,1,0
2017-10-15,715.19,2017,10,15,Sunday,6,1
2017-03-27,874.8,2017,3,27,Monday,0,0
2017-11-13,267.7912,2017,11,13,Monday,0,0
2017-06-03,508.788,2017,6,3,Saturday,5,1
2017-12-25,819.28,2017,12,25,Monday,0,0
2017-09-02,12.192,2017,9,2,Saturday,5,1
2017-11-05,492.768,2017,11,5,Sunday,6,1
2017-03-14,49.616,2017,3,14,Tuesday,1,0
2017-04-15,15.552,2017,4,15,Saturday,5,1
2017-09-14,19.05,2017,9,14,Thursday,3,0
2017-03-31,13.468,2017,3,31,Friday,4,0
2017-09-02,15.072,2017,9,2,Saturday,5,1
2017-08-25,192.16,2017,8,25,Friday,4,0
2017-10-17,52.792,2017,10,17,Tuesday,1,0
2017-04-10,16.739,2017,4,10,Monday,0,0
2017-02-06,240.784,2017,2,6,Monday,0,0
2017-10-26,142.98,2017,10,26,Thursday,3,0
2017-01-08,892.98,2017,1,8,Sunday,6,1
2017-08-07,244.55,2017,8,7,Monday,0,0
2017-05-11,43.92,2017,5,11,Thursday,3,0
2017-06-26,83.76,2017,6,26,Monday,0,0
2017-12-30,34.624,2017,12,30,Saturday,5,1
2017-11-11,88.92,2017,11,11,Saturday,5,1
2017-05-14,562.55,2017,5,14,Sunday,6,1
2017-12-18,2888.518,2017,12,18,Monday,0,0
2017-07-09,67.304,2017,7,9,Sunday,6,1
2017-08-19,19.44,2017,8,19,Saturday,5,1
2017-07-31,36.792,2017,7,31,Monday,0,0
2017-09-14,1017.136,2017,9,14,Thursday,3,0
2017-12-22,126.98,2017,12,22,Friday,4,0
2017-01-28,277.71,2017,1,28,Saturday,5,1
2017-10-02,10.16,2017,10,2,Monday,0,0
2017-06-25,400.784,2017,6,25,Sunday,6,1
2017-02-11,21.336,2017,2,11,Saturday,5,1
2017-11-05,390.75,2017,11,5,Sunday,6,1
2017-03-12,242.94,2017,3,12,Sunday,6,1
2017-11-02,46.02,2017,11,2,Thursday,3,0
2017-05-30,35.1,2017,5,30,Tuesday,1,0
2017-10-13,904.9,2017,10,13,Friday,4,0
2017-11-30,155.94,2017,11,30,Thursday,3,0
2017-09-04,1491.616,2017,9,4,Monday,0,0
2017-12-02,678.1,2017,12,2,Saturday,5,1
2017-12-17,504.9,2017,12,17,Sunday,6,1
2017-09-25,177.55,2017,9,25,Monday,0,0
2017-12-19,193.634,2017,12,19,Tuesday,1,0
2017-04-24,552.0,2017,4,24,Monday,0,0
2017-06-27,1433.19,2017,6,27,Tuesday,1,0
2017-09-22,21.96,2017,9,22,Friday,4,0
2017-08-07,116.48,2017,8,7,Monday,0,0
2017-09-11,31.072,2017,9,11,Monday,0,0
2017-10-23,863.88,2017,10,23,Monday,0,0
2017-10-31,518.68,2017,10,31,Tuesday,1,0
2017-12-05,32.67,2017,12,5,Tuesday,1,0
2017-03-21,8.856,2017,3,21,Tuesday,1,0
2017-08-31,659.9,2017,8,31,Thursday,3,0
2017-02-26,2110.72,2017,2,26,Sunday,6,1
2017-07-23,13.128,2017,7,23,Sunday,6,1
2017-09-04,54.32,2017,9,4,Monday,0,0
2017-12-08,1816.36,2017,12,8,Friday,4,0
2017-09-04,19.04,2017,9,4,Monday,0,0
2017-05-18,865.0,2017,5,18,Thursday,3,0
2017-10-21,171.848,2017,10,21,Saturday,5,1
2017-06-08,10.36,2017,6,8,Thursday,3,0
2017-12-23,189.712,2017,12,23,Saturday,5,1
2017-12-08,3955.507,2017,12,8,Friday,4,0
2017-09-23,291.96,2017,9,23,Saturday,5,1
2017-03-03,399.672,2017,3,3,Friday,4,0
2017-05-12,551.038,2017,5,12,Friday,4,0
2017-08-21,266.52,2017,8,21,Monday,0,0
2017-10-19,91.275,2017,10,19,Thursday,3,0
2017-12-04,588.008,2017,12,4,Monday,0,0
2017-08-05,13.76,2017,8,5,Saturday,5,1
2017-11-28,1071.74,2017,11,28,Tuesday,1,0
2017-10-01,104.85,2017,10,1,Sunday,6,1
2017-06-12,63.92,2017,6,12,Monday,0,0
2017-05-18,17.608,2017,5,18,Thursday,3,0
2017-01-27,193.974,2017,1,27,Friday,4,0
2017-12-08,69.48,2017,12,8,Friday,4,0
2017-12-24,35.91,2017,12,24,Sunday,6,1
2017-08-18,283.774,2017,8,18,Friday,4,0
2017-12-04,498.15,2017,12,4,Monday,0,0
2017-12-03,306.36,2017,12,3,Sunday,6,1
2017-11-17,13.904,2017,11,17,Friday,4,0
2017-09-16,14.8,2017,9,16,Saturday,5,1
2017-05-09,805.99,2017,5,9,Tuesday,1,0
2017-11-05,240.15,2017,11,5,Sunday,6,1
2017-07-23,399.95,2017,7,23,Sunday,6,1
2017-04-01,42.93,2017,4,1,Saturday,5,1
2017-10-28,47.98,2017,10,28,Saturday,5,1
2017-09-29,243.92,2017,9,29,Friday,4,0
2017-06-17,169.28,2017,6,17,Saturday,5,1
2017-02-16,37.94,2017,2,16,Thursday,3,0
2017-12-01,55.488,2017,12,1,Friday,4,0
2017-10-06,150.18,2017,10,6,Friday,4,0
2017-07-20,78.504,2017,7,20,Thursday,3,0
2017-01-02,16.59,2017,1,2,Monday,0,0
2017-07-21,1629.712,2017,7,21,Friday,4,0
2017-11-20,126.656,2017,11,20,Monday,0,0
2017-02-09,397.744,2017,2,9,Thursday,3,0
2017-04-15,196.45,2017,4,15,Saturday,5,1
2017-06-15,119.96,2017,6,15,Thursday,3,0
2017-12-29,695.944,2017,12,29,Friday,4,0
2017-08-17,4416.174,2017,8,17,Thursday,3,0
2017-11-23,105.408,2017,11,23,Thursday,3,0
2017-08-20,351.66,2017,8,20,Sunday,6,1
2017-12-22,631.599,2017,12,22,Friday,4,0
2017-06-15,2942.784,2017,6,15,Thursday,3,0
2017-11-30,173.8,2017,11,30,Thursday,3,0
2017-04-17,60.312,2017,4,17,Monday,0,0
2017-06-12,91.416,2017,6,12,Monday,0,0
2017-03-21,1805.88,2017,3,21,Tuesday,1,0
2017-11-09,523.392,2017,11,9,Thursday,3,0
2017-12-15,22.77,2017,12,15,Friday,4,0
2017-12-22,916.14,2017,12,22,Friday,4,0
2017-04-20,183.42,2017,4,20,Thursday,3,0
2017-01-24,5.67,2017,1,24,Tuesday,1,0
2017-11-23,240.368,2017,11,23,Thursday,3,0
2017-08-18,3859.488,2017,8,18,Friday,4,0
2017-05-04,243.16,2017,5,4,Thursday,3,0
2017-02-16,594.5,2017,2,16,Thursday,3,0
2017-11-02,155.372,2017,11,2,Thursday,3,0
2017-05-25,806.05,2017,5,25,Thursday,3,0
2017-04-25,92.394,2017,4,25,Tuesday,1,0
2017-11-11,45.92,2017,11,11,Saturday,5,1
2017-12-22,2283.43,2017,12,22,Friday,4,0
2017-11-20,623.93,2017,11,20,Monday,0,0
2017-05-30,37.52,2017,5,30,Tuesday,1,0
2017-09-05,147.184,2017,9,5,Tuesday,1,0
2017-03-23,34.76,2017,3,23,Thursday,3,0
2017-09-04,91.96,2017,9,4,Monday,0,0
2017-04-28,28.08,2017,4,28,Friday,4,0
2017-12-17,495.3,2017,12,17,Sunday,6,1
2017-09-10,147.168,2017,9,10,Sunday,6,1
2017-08-18,2340.06,2017,8,18,Friday,4,0
2017-07-14,988.204,2017,7,14,Friday,4,0
2017-07-09,847.46,2017,7,9,Sunday,6,1
2017-05-30,205.744,2017,5,30,Tuesday,1,0
2017-11-04,65.84,2017,11,4,Saturday,5,1
2017-12-24,264.32,2017,12,24,Sunday,6,1
2017-12-23,57.984,2017,12,23,Saturday,5,1
2017-02-26,380.136,2017,2,26,Sunday,6,1
2017-07-25,477.092,2017,7,25,Tuesday,1,0
2017-09-29,693.13,2017,9,29,Friday,4,0
2017-09-23,251.64,2017,9,23,Saturday,5,1
2017-12-25,424.172,2017,12,25,Monday,0,0
2017-09-23,29.328,2017,9,23,Saturday,5,1
2017-04-02,771.8,2017,4,2,Sunday,6,1
2017-11-19,31.968,2017,11,19,Sunday,6,1
2017-08-21,994.464,2017,8,21,Monday,0,0
2017-07-03,871.028,2017,7,3,Monday,0,0
2017-11-28,88.768,2017,11,28,Tuesday,1,0
2017-06-01,4472.32,2017,6,1,Thursday,3,0
2017-05-29,522.79,2017,5,29,Monday,0,0
2017-11-03,75.9,2017,11,3,Friday,4,0
2017-05-18,344.704,2017,5,18,Thursday,3,0
2017-11-16,1.824,2017,11,16,Thursday,3,0
2017-02-26,356.79,2017,2,26,Sunday,6,1
2017-12-26,750.68,2017,12,26,Tuesday,1,0
2017-01-30,2113.567,2017,1,30,Monday,0,0
2017-03-03,72.8,2017,3,3,Friday,4,0
2017-11-20,52.696,2017,11,20,Monday,0,0
2017-09-24,1169.694,2017,9,24,Sunday,6,1
2017-09-23,878.816,2017,9,23,Saturday,5,1
2017-09-15,1081.69,2017,9,15,Friday,4,0
2017-07-31,54.816,2017,7,31,Monday,0,0
2017-03-18,90.86,2017,3,18,Saturday,5,1
2017-08-18,10.782,2017,8,18,Friday,4,0
2017-07-20,1107.68,2017,7,20,Thursday,3,0
2017-06-13,181.86,2017,6,13,Tuesday,1,0
2017-05-19,109.208,2017,5,19,Friday,4,0
2017-06-24,95.92,2017,6,24,Saturday,5,1
2017-09-25,24.448,2017,9,25,Monday,0,0
2017-04-09,284.19,2017,4,9,Sunday,6,1
2017-05-12,153.41,2017,5,12,Friday,4,0
2017-09-22,391.98,2017,9,22,Friday,4,0
2017-09-10,18.76,2017,9,10,Sunday,6,1
2017-03-24,271.764,2017,3,24,Friday,4,0
2017-09-24,1365.48,2017,9,24,Sunday,6,1
2017-11-13,3321.278,2017,11,13,Monday,0,0
2017-11-07,821.514,2017,11,7,Tuesday,1,0
2017-12-01,422.909,2017,12,1,Friday,4,0
2017-12-14,282.688,2017,12,14,Thursday,3,0
2017-11-12,29.392,2017,11,12,Sunday,6,1
2017-02-19,1245.86,2017,2,19,Sunday,6,1
2017-11-26,220.752,2017,11,26,Sunday,6,1
2017-04-16,503.22,2017,4,16,Sunday,6,1
2017-04-12,69.66,2017,4,12,Wednesday,2,0
2017-03-20,330.768,2017,3,20,Monday,0,0
2017-12-13,261.52,2017,12,13,Wednesday,2,0
2017-12-28,122.53,2017,12,28,Thursday,3,0
2017-11-16,17.31,2017,11,16,Thursday,3,0
2017-08-16,80.564,2017,8,16,Wednesday,2,0
2017-02-06,359.97,2017,2,6,Monday,0,0
2017-09-02,284.984,2017,9,2,Saturday,5,1
2017-09-03,367.53,2017,9,3,Sunday,6,1
2017-09-30,159.98,2017,9,30,Saturday,5,1
2017-09-10,296.952,2017,9,10,Sunday,6,1
2017-08-24,28.416,2017,8,24,Thursday,3,0
2017-12-03,10.368,2017,12,3,Sunday,6,1
2017-03-03,1219.792,2017,3,3,Friday,4,0
2017-05-02,129.93,2017,5,2,Tuesday,1,0
2017-07-27,91.032,2017,7,27,Thursday,3,0
2017-10-17,10.64,2017,10,17,Tuesday,1,0
2017-09-21,80.48,2017,9,21,Thursday,3,0
2017-11-28,2059.85,2017,11,28,Tuesday,1,0
2017-10-30,1993.772,2017,10,30,Monday,0,0
2017-11-13,82.95,2017,11,13,Monday,0,0
2017-06-27,191.646,2017,6,27,Tuesday,1,0
2017-02-10,23.12,2017,2,10,Friday,4,0
2017-05-26,234.2,2017,5,26,Friday,4,0
2017-11-24,27.76,2017,11,24,Friday,4,0
2017-09-23,186.784,2017,9,23,Saturday,5,1
2017-11-01,2690.74,2017,11,1,Wednesday,2,0
2017-10-02,65.99,2017,10,2,Monday,0,0
2017-02-10,203.983,2017,2,10,Friday,4,0
2017-03-02,0.556,2017,3,2,Thursday,3,0
2017-06-12,8.856,2017,6,12,Monday,0,0
2017-09-15,1038.26,2017,9,15,Friday,4,0
2017-11-14,34.24,2017,11,14,Tuesday,1,0
2017-12-24,712.85,2017,12,24,Sunday,6,1
2017-09-07,317.624,2017,9,7,Thursday,3,0
2017-03-19,770.21,2017,3,19,Sunday,6,1
2017-08-01,54.896,2017,8,1,Tuesday,1,0
2017-04-30,32.088,2017,4,30,Sunday,6,1
2017-11-17,327.7328,2017,11,17,Friday,4,0
2017-03-27,168.58,2017,3,27,Monday,0,0
2017-06-21,536.48,2017,6,21,Wednesday,2,0
2017-11-25,723.92,2017,11,25,Saturday,5,1
2017-07-03,9.552,2017,7,3,Monday,0,0
2017-09-11,184.66,2017,9,11,Monday,0,0
2017-02-21,47.904,2017,2,21,Tuesday,1,0
2017-03-06,67.78,2017,3,6,Monday,0,0
2017-04-10,106.104,2017,4,10,Monday,0,0
2017-10-19,456.512,2017,10,19,Thursday,3,0
2017-04-24,83.214,2017,4,24,Monday,0,0
2017-11-06,40.28,2017,11,6,Monday,0,0
2017-07-23,13.92,2017,7,23,Sunday,6,1
2017-04-25,107.97,2017,4,25,Tuesday,1,0
2017-10-19,89.26,2017,10,19,Thursday,3,0
2017-10-23,1169.98,2017,10,23,Monday,0,0
2017-05-30,253.86,2017,5,30,Tuesday,1,0
2017-07-25,3.304,2017,7,25,Tuesday,1,0
2017-06-30,19.52,2017,6,30,Friday,4,0
2017-07-31,41.424,2017,7,31,Monday,0,0
2017-02-25,1.788,2017,2,25,Saturday,5,1
2017-01-16,427.592,2017,1,16,Monday,0,0
2017-10-19,39.624,2017,10,19,Thursday,3,0
2017-11-03,12.39,2017,11,3,Friday,4,0
2017-08-28,1278.158,2017,8,28,Monday,0,0
2017-10-02,275.65,2017,10,2,Monday,0,0
2017-10-14,40.852,2017,10,14,Saturday,5,1
2017-07-31,285.576,2017,7,31,Monday,0,0
2017-12-30,209.3,2017,12,30,Saturday,5,1
2017-11-19,323.71,2017,11,19,Sunday,6,1
2017-02-03,119.178,2017,2,3,Friday,4,0
2017-06-03,35.168,2017,6,3,Saturday,5,1
2017-09-08,85.2,2017,9,8,Friday,4,0
2017-09-10,14.88,2017,9,10,Sunday,6,1
2017-10-12,102.83,2017,10,12,Thursday,3,0
2017-03-29,81.4,2017,3,29,Wednesday,2,0
2017-03-30,94.2,2017,3,30,Thursday,3,0
2017-07-17,479.984,2017,7,17,Monday,0,0
2017-09-29,7.98,2017,9,29,Friday,4,0
2017-04-29,4.91,2017,4,29,Saturday,5,1
2017-04-15,4.89,2017,4,15,Saturday,5,1
2017-06-05,470.376,2017,6,5,Monday,0,0
2017-12-05,92.94,2017,12,5,Tuesday,1,0
2017-06-15,776.08,2017,6,15,Thursday,3,0
2017-09-17,514.05,2017,9,17,Sunday,6,1
2017-08-21,87.52,2017,8,21,Monday,0,0
2017-01-21,1239.833,2017,1,21,Saturday,5,1
2017-09-15,300.904,2017,9,15,Friday,4,0
2017-04-14,74.45,2017,4,14,Friday,4,0
2017-10-22,13716.458,2017,10,22,Sunday,6,1
2017-04-03,7.056,2017,4,3,Monday,0,0
2017-10-30,102.656,2017,10,30,Monday,0,0
2017-01-14,175.086,2017,1,14,Saturday,5,1
2017-12-01,116.512,2017,12,1,Friday,4,0
2017-02-24,1443.72,2017,2,24,Friday,4,0
2017-01-22,4189.38,2017,1,22,Sunday,6,1
2017-07-10,298.464,2017,7,10,Monday,0,0
2017-02-03,512.368,2017,2,3,Friday,4,0
2017-12-28,64.784,2017,12,28,Thursday,3,0
2017-03-03,26.88,2017,3,3,Friday,4,0
2017-07-11,30.32,2017,7,11,Tuesday,1,0
2017-06-02,30.41,2017,6,2,Friday,4,0
2017-08-31,6.208,2017,8,31,Thursday,3,0
2017-09-11,209.88,2017,9,11,Monday,0,0
2017-11-02,891.504,2017,11,2,Thursday,3,0
2017-05-19,26.16,2017,5,19,Friday,4,0
2017-10-27,24.288,2017,10,27,Friday,4,0
2017-12-23,181.95,2017,12,23,Saturday,5,1
2017-09-01,598.16,2017,9,1,Friday,4,0
2017-02-02,481.524,2017,2,2,Thursday,3,0
2017-12-19,36.672,2017,12,19,Tuesday,1,0
2017-11-17,1247.64,2017,11,17,Friday,4,0
2017-11-24,406.94,2017,11,24,Friday,4,0
2017-08-05,338.86,2017,8,5,Saturday,5,1
2017-09-29,74.89,2017,9,29,Friday,4,0
2017-08-13,2382.926,2017,8,13,Sunday,6,1
2017-09-10,369.536,2017,9,10,Sunday,6,1
2017-10-07,4.24,2017,10,7,Saturday,5,1
2017-08-26,71.98,2017,8,26,Saturday,5,1
2017-07-10,18.84,2017,7,10,Monday,0,0
2017-12-03,47.992,2017,12,3,Sunday,6,1
2017-12-24,850.92,2017,12,24,Sunday,6,1
2017-05-04,629.86,2017,5,4,Thursday,3,0
2017-09-07,81.568,2017,9,7,Thursday,3,0
2017-09-07,248.82,2017,9,7,Thursday,3,0
2017-04-21,908.82,2017,4,21,Friday,4,0
2017-06-19,921.228,2017,6,19,Monday,0,0
2017-04-17,562.702,2017,4,17,Monday,0,0
2017-11-25,501.81,2017,11,25,Saturday,5,1
2017-08-23,4590.344,2017,8,23,Wednesday,2,0
2017-04-01,127.95,2017,4,1,Saturday,5,1
2017-03-16,540.934,2017,3,16,Thursday,3,0
2017-05-14,504.59,2017,5,14,Sunday,6,1
2017-10-01,413.784,2017,10,1,Sunday,6,1
2017-06-16,740.59,2017,6,16,Friday,4,0
2017-09-26,419.136,2017,9,26,Tuesday,1,0
2017-03-17,17.456,2017,3,17,Friday,4,0
2017-12-11,128.85,2017,12,11,Monday,0,0
2017-04-25,8.896,2017,4,25,Tuesday,1,0
2017-12-28,7.4,2017,12,28,Thursday,3,0
2017-12-09,43.85,2017,12,9,Saturday,5,1
2017-03-30,59.76,2017,3,30,Thursday,3,0
2017-08-27,1132.56,2017,8,27,Sunday,6,1
2017-09-15,31.872,2017,9,15,Friday,4,0
2017-05-22,12.62,2017,5,22,Monday,0,0
2017-10-22,582.304,2017,10,22,Sunday,6,1
2017-09-24,38.38,2017,9,24,Sunday,6,1
2017-10-22,582.07,2017,10,22,Sunday,6,1
2017-09-14,895.944,2017,9,14,Thursday,3,0
2017-12-17,544.38,2017,12,17,Sunday,6,1
2017-12-05,199.73,2017,12,5,Tuesday,1,0
2017-11-12,779.16,2017,11,12,Sunday,6,1
2017-10-12,673.344,2017,10,12,Thursday,3,0
2017-11-26,33.568,2017,11,26,Sunday,6,1
2017-12-29,88.06,2017,12,29,Friday,4,0
2017-09-16,17.9,2017,9,16,Saturday,5,1
2017-10-27,652.505,2017,10,27,Friday,4,0
2017-07-29,127.688,2017,7,29,Saturday,5,1
2017-11-03,16.272,2017,11,3,Friday,4,0
2017-07-28,1170.564,2017,7,28,Friday,4,0
2017-04-11,22.744,2017,4,11,Tuesday,1,0
2017-03-10,53.982,2017,3,10,Friday,4,0
2017-09-18,56.512,2017,9,18,Monday,0,0
2017-08-22,210.008,2017,8,22,Tuesday,1,0
2017-04-03,25.472,2017,4,3,Monday,0,0
2017-12-05,39.792,2017,12,5,Tuesday,1,0
2017-04-14,253.128,2017,4,14,Friday,4,0
2017-11-19,1729.286,2017,11,19,Sunday,6,1
2017-02-05,251.112,2017,2,5,Sunday,6,1
2017-11-28,62.65,2017,11,28,Tuesday,1,0
2017-11-24,319.532,2017,11,24,Friday,4,0
2017-10-19,95.388,2017,10,19,Thursday,3,0
2017-06-17,23.888,2017,6,17,Saturday,5,1
2017-09-01,114.9,2017,9,1,Friday,4,0
2017-10-31,5.248,2017,10,31,Tuesday,1,0
2017-01-29,5.22,2017,1,29,Sunday,6,1
2017-06-30,270.8,2017,6,30,Friday,4,0
2017-10-05,753.112,2017,10,5,Thursday,3,0
2017-02-11,1051.912,2017,2,11,Saturday,5,1
2017-01-21,654.242,2017,1,21,Saturday,5,1
2017-07-09,228.92,2017,7,9,Sunday,6,1
2017-05-03,832.96,2017,5,3,Wednesday,2,0
2017-11-27,52.344,2017,11,27,Monday,0,0
2017-05-03,504.506,2017,5,3,Wednesday,2,0
2017-04-25,109.968,2017,4,25,Tuesday,1,0
2017-10-16,547.3,2017,10,16,Monday,0,0
2017-09-21,151.96,2017,9,21,Thursday,3,0
2017-03-10,933.408,2017,3,10,Friday,4,0
2017-08-19,387.99,2017,8,19,Saturday,5,1
2017-11-07,100.94,2017,11,7,Tuesday,1,0
2017-09-15,323.976,2017,9,15,Friday,4,0
2017-10-09,45.888,2017,10,9,Monday,0,0
2017-09-08,65.12,2017,9,8,Friday,4,0
2017-09-23,158.28,2017,9,23,Saturday,5,1
2017-08-26,53.72,2017,8,26,Saturday,5,1
2017-08-31,193.95,2017,8,31,Thursday,3,0
2017-02-17,178.21,2017,2,17,Friday,4,0
2017-06-08,490.392,2017,6,8,Thursday,3,0
2017-08-04,16.752,2017,8,4,Friday,4,0
2017-06-20,201.262,2017,6,20,Tuesday,1,0
2017-06-24,102.93,2017,6,24,Saturday,5,1
2017-10-13,114.376,2017,10,13,Friday,4,0
2017-08-31,638.73,2017,8,31,Thursday,3,0
2017-07-27,297.99,2017,7,27,Thursday,3,0
2017-05-04,11.598,2017,5,4,Thursday,3,0
2017-09-21,55.86,2017,9,21,Thursday,3,0
2017-06-04,117.62,2017,6,4,Sunday,6,1
2017-08-17,143.808,2017,8,17,Thursday,3,0
2017-11-27,57.568,2017,11,27,Monday,0,0
2017-08-01,271.96,2017,8,1,Tuesday,1,0
2017-07-08,145.9,2017,7,8,Saturday,5,1
2017-06-26,564.38,2017,6,26,Monday,0,0
2017-03-31,3098.61,2017,3,31,Friday,4,0
2017-09-18,22.72,2017,9,18,Monday,0,0
2017-12-17,28.47,2017,12,17,Sunday,6,1
2017-05-06,152.94,2017,5,6,Saturday,5,1
2017-08-27,5.184,2017,8,27,Sunday,6,1
2017-11-13,11.21,2017,11,13,Monday,0,0
2017-05-14,48.69,2017,5,14,Sunday,6,1
2017-06-25,87.688,2017,6,25,Sunday,6,1
2017-07-23,73.512,2017,7,23,Sunday,6,1
2017-05-11,101.062,2017,5,11,Thursday,3,0
2017-05-08,3359.952,2017,5,8,Monday,0,0
2017-06-11,4.572,2017,6,11,Sunday,6,1
2017-09-24,399.53,2017,9,24,Sunday,6,1
2017-05-27,129.6,2017,5,27,Saturday,5,1
2017-09-16,20.736,2017,9,16,Saturday,5,1
2017-12-25,160.162,2017,12,25,Monday,0,0
2017-12-07,19.104,2017,12,7,Thursday,3,0
2017-07-08,45.08,2017,7,8,Saturday,5,1
2017-12-27,177.636,2017,12,27,Wednesday,2,0
2017-09-15,12.42,2017,9,15,Friday,4,0
2017-09-18,15.96,2017,9,18,Monday,0,0
2017-04-01,269.4,2017,4,1,Saturday,5,1
2017-06-11,719.408,2017,6,11,Sunday,6,1
2017-10-03,22.58,2017,10,3,Tuesday,1,0
2017-04-15,79.14,2017,4,15,Saturday,5,1
2017-01-26,22.63,2017,1,26,Thursday,3,0
2017-06-25,148.48,2017,6,25,Sunday,6,1
2017-05-09,272.232,2017,5,9,Tuesday,1,0
2017-02-19,57.51,2017,2,19,Sunday,6,1
2017-04-17,2613.309,2017,4,17,Monday,0,0
2017-10-27,44.784,2017,10,27,Friday,4,0
2017-11-12,972.08,2017,11,12,Sunday,6,1
2017-11-12,15.92,2017,11,12,Sunday,6,1
2017-08-01,95.984,2017,8,1,Tuesday,1,0
2017-04-10,231.776,2017,4,10,Monday,0,0
2017-04-13,436.704,2017,4,13,Thursday,3,0
2017-12-28,28.38,2017,12,28,Thursday,3,0
2017-06-15,4.26,2017,6,15,Thursday,3,0
2017-04-09,760.8,2017,4,9,Sunday,6,1
2017-11-26,164.34,2017,11,26,Sunday,6,1
2017-12-13,287.976,2017,12,13,Wednesday,2,0
2017-11-03,486.368,2017,11,3,Friday,4,0
2017-12-07,372.64,2017,12,7,Thursday,3,0
2017-03-23,143.728,2017,3,23,Thursday,3,0
2017-04-27,253.3856,2017,4,27,Thursday,3,0
2017-04-22,18.28,2017,4,22,Saturday,5,1
2017-12-01,376.1,2017,12,1,Friday,4,0
2017-10-13,5325.884,2017,10,13,Friday,4,0
2017-02-20,882.99,2017,2,20,Monday,0,0
2017-09-22,40.176,2017,9,22,Friday,4,0
2017-02-23,80.36,2017,2,23,Thursday,3,0
2017-12-15,10.192,2017,12,15,Friday,4,0
2017-12-26,16.032,2017,12,26,Tuesday,1,0
2017-11-16,1919.976,2017,11,16,Thursday,3,0
2017-06-24,449.454,2017,6,24,Saturday,5,1
2017-07-13,130.602,2017,7,13,Thursday,3,0
2017-09-16,684.11,2017,9,16,Saturday,5,1
2017-04-16,13.71,2017,4,16,Sunday,6,1
2017-03-23,347.58,2017,3,23,Thursday,3,0
2017-12-28,106.0208,2017,12,28,Thursday,3,0
2017-08-06,115.296,2017,8,6,Sunday,6,1
2017-07-11,101.752,2017,7,11,Tuesday,1,0
2017-04-23,183.38,2017,4,23,Sunday,6,1
2017-03-07,49.08,2017,3,7,Tuesday,1,0
2017-06-16,14.016,2017,6,16,Friday,4,0
2017-12-03,166.44,2017,12,3,Sunday,6,1
2017-05-27,477.3,2017,5,27,Saturday,5,1
2017-06-10,14.7,2017,6,10,Saturday,5,1
2017-11-16,811.28,2017,11,16,Thursday,3,0
2017-06-29,312.552,2017,6,29,Thursday,3,0
2017-12-07,374.376,2017,12,7,Thursday,3,0
2017-11-14,96.36,2017,11,14,Tuesday,1,0
2017-08-20,40.29,2017,8,20,Sunday,6,1
2017-11-30,95.976,2017,11,30,Thursday,3,0
2017-10-02,386.62,2017,10,2,Monday,0,0
2017-10-06,9.344,2017,10,6,Friday,4,0
2017-12-16,222.032,2017,12,16,Saturday,5,1
2017-06-29,738.7052,2017,6,29,Thursday,3,0
2017-12-21,15.92,2017,12,21,Thursday,3,0
2017-12-16,420.234,2017,12,16,Saturday,5,1
2017-09-17,12.96,2017,9,17,Sunday,6,1
2017-09-09,298.0,2017,9,9,Saturday,5,1
2017-11-24,435.168,2017,11,24,Friday,4,0
2017-09-04,11.808,2017,9,4,Monday,0,0
2017-09-02,3480.96,2017,9,2,Saturday,5,1
2017-11-10,241.424,2017,11,10,Friday,4,0
2017-04-28,751.984,2017,4,28,Friday,4,0
2017-05-13,458.43,2017,5,13,Saturday,5,1
2017-04-30,95.52,2017,4,30,Sunday,6,1
2017-09-29,97.3,2017,9,29,Friday,4,0
2017-06-29,1100.62,2017,6,29,Thursday,3,0
2017-02-11,147.568,2017,2,11,Saturday,5,1
2017-11-17,50.94,2017,11,17,Friday,4,0
2017-01-16,5802.7,2017,1,16,Monday,0,0
2017-06-26,431.928,2017,6,26,Monday,0,0
2017-12-21,1000.02,2017,12,21,Thursday,3,0
2017-09-23,14.352,2017,9,23,Saturday,5,1
2017-07-08,133.576,2017,7,8,Saturday,5,1
2017-08-15,97.84,2017,8,15,Tuesday,1,0
2017-11-14,123.588,2017,11,14,Tuesday,1,0
2017-12-01,10.368,2017,12,1,Friday,4,0
2017-01-14,29.664,2017,1,14,Saturday,5,1
2017-06-19,74.88,2017,6,19,Monday,0,0
2017-05-19,2361.52,2017,5,19,Friday,4,0
2017-01-23,138.432,2017,1,23,Monday,0,0
2017-12-09,927.44,2017,12,9,Saturday,5,1
2017-01-29,136.526,2017,1,29,Sunday,6,1
2017-08-11,205.296,2017,8,11,Friday,4,0
2017-10-28,273.088,2017,10,28,Saturday,5,1
2017-12-09,432.405,2017,12,9,Saturday,5,1
2017-03-27,15.008,2017,3,27,Monday,0,0
2017-07-03,87.92,2017,7,3,Monday,0,0
2017-09-09,9.856,2017,9,9,Saturday,5,1
2017-09-13,15.92,2017,9,13,Wednesday,2,0
2017-09-19,95.616,2017,9,19,Tuesday,1,0
2017-10-30,9.64,2017,10,30,Monday,0,0
2017-08-24,656.64,2017,8,24,Thursday,3,0
2017-12-04,188.552,2017,12,4,Monday,0,0
2017-09-19,35.4,2017,9,19,Tuesday,1,0
2017-09-15,98.6,2017,9,15,Friday,4,0
2017-10-23,142.92,2017,10,23,Monday,0,0
2017-07-17,7.904,2017,7,17,Monday,0,0
2017-07-03,545.85,2017,7,3,Monday,0,0
2017-05-28,301.96,2017,5,28,Sunday,6,1
2017-03-23,14052.48,2017,3,23,Thursday,3,0
2017-09-29,304.046,2017,9,29,Friday,4,0
2017-05-06,415.152,2017,5,6,Saturday,5,1
2017-05-11,94.508,2017,5,11,Thursday,3,0
2017-09-04,849.846,2017,9,4,Monday,0,0
2017-07-08,469.66,2017,7,8,Saturday,5,1
2017-03-10,111.96,2017,3,10,Friday,4,0
2017-09-18,114.848,2017,9,18,Monday,0,0
2017-03-19,381.36,2017,3,19,Sunday,6,1
2017-04-04,7.04,2017,4,4,Tuesday,1,0
2017-12-18,286.485,2017,12,18,Monday,0,0
2017-12-23,303.32,2017,12,23,Saturday,5,1
2017-09-12,225.61,2017,9,12,Tuesday,1,0
2017-06-02,69.264,2017,6,2,Friday,4,0
2017-08-03,39.816,2017,8,3,Thursday,3,0
2017-04-21,68.712,2017,4,21,Friday,4,0
2017-06-19,200.94,2017,6,19,Monday,0,0
2017-06-03,1111.698,2017,6,3,Saturday,5,1
2017-03-17,496.634,2017,3,17,Friday,4,0
2017-06-10,823.725,2017,6,10,Saturday,5,1
2017-07-30,89.95,2017,7,30,Sunday,6,1
2017-10-02,374.618,2017,10,2,Monday,0,0
2017-11-10,111.79,2017,11,10,Friday,4,0
2017-12-09,148.257,2017,12,9,Saturday,5,1
2017-11-02,384.592,2017,11,2,Thursday,3,0
2017-11-26,3083.94,2017,11,26,Sunday,6,1
2017-09-16,18.0,2017,9,16,Saturday,5,1
2017-06-11,61.44,2017,6,11,Sunday,6,1
2017-05-28,247.44,2017,5,28,Sunday,6,1
2017-06-05,20.736,2017,6,5,Monday,0,0
2017-04-13,7.92,2017,4,13,Thursday,3,0
2017-10-24,517.405,2017,10,24,Tuesday,1,0
2017-11-17,239.96,2017,11,17,Friday,4,0
2017-05-07,2049.534,2017,5,7,Sunday,6,1
2017-08-03,16.06,2017,8,3,Thursday,3,0
2017-01-21,268.576,2017,1,21,Saturday,5,1
2017-10-03,1793.98,2017,10,3,Tuesday,1,0
2017-10-09,364.388,2017,10,9,Monday,0,0
2017-09-04,711.394,2017,9,4,Monday,0,0
2017-06-19,164.768,2017,6,19,Monday,0,0
2017-09-24,1331.82,2017,9,24,Sunday,6,1
2017-11-30,2165.658,2017,11,30,Thursday,3,0
2017-10-21,60.72,2017,10,21,Saturday,5,1
2017-03-04,89.568,2017,3,4,Saturday,5,1
2017-09-17,89.97,2017,9,17,Sunday,6,1
2017-12-07,50.04,2017,12,7,Thursday,3,0
2017-07-17,1295.025,2017,7,17,Monday,0,0
2017-09-24,199.8,2017,9,24,Sunday,6,1
2017-05-30,204.6664,2017,5,30,Tuesday,1,0
2017-11-14,21.99,2017,11,14,Tuesday,1,0
2017-10-30,911.82,2017,10,30,Monday,0,0
2017-11-03,446.996,2017,11,3,Friday,4,0
2017-10-15,175.37,2017,10,15,Sunday,6,1
2017-11-10,11.52,2017,11,10,Friday,4,0
2017-12-11,12.68,2017,12,11,Monday,0,0
2017-03-17,24.048,2017,3,17,Friday,4,0
2017-11-21,70.98,2017,11,21,Tuesday,1,0
2017-12-22,182.55,2017,12,22,Friday,4,0
2017-11-19,138.382,2017,11,19,Sunday,6,1
2017-10-03,462.52,2017,10,3,Tuesday,1,0
2017-08-10,1645.87,2017,8,10,Thursday,3,0
2017-03-18,33.3,2017,3,18,Saturday,5,1
2017-10-05,5509.142,2017,10,5,Thursday,3,0
2017-12-03,521.96,2017,12,3,Sunday,6,1
2017-11-11,18.24,2017,11,11,Saturday,5,1
2017-12-01,916.59,2017,12,1,Friday,4,0
2017-12-18,129.29,2017,12,18,Monday,0,0
2017-12-30,466.842,2017,12,30,Saturday,5,1
2017-06-02,10.688,2017,6,2,Friday,4,0
2017-11-03,41.37,2017,11,3,Friday,4,0
2017-06-10,16.4,2017,6,10,Saturday,5,1
2017-09-19,697.612,2017,9,19,Tuesday,1,0
2017-11-18,19.76,2017,11,18,Saturday,5,1
2017-11-11,10.368,2017,11,11,Saturday,5,1
2017-11-02,3291.07,2017,11,2,Thursday,3,0
2017-06-29,694.67,2017,6,29,Thursday,3,0
2017-03-25,23.1,2017,3,25,Saturday,5,1
2017-11-08,109.9,2017,11,8,Wednesday,2,0
2017-04-26,59.62,2017,4,26,Wednesday,2,0
2017-05-14,1418.21,2017,5,14,Sunday,6,1
2017-12-02,701.96,2017,12,2,Saturday,5,1
2017-12-10,321.248,2017,12,10,Sunday,6,1
2017-06-12,17.088,2017,6,12,Monday,0,0
2017-11-22,35.712,2017,11,22,Wednesday,2,0
2017-08-29,78.04,2017,8,29,Tuesday,1,0
2017-09-16,73.56,2017,9,16,Saturday,5,1
2017-09-30,164.88,2017,9,30,Saturday,5,1
2017-10-24,11.68,2017,10,24,Tuesday,1,0
2017-09-08,220.056,2017,9,8,Friday,4,0
2017-01-01,474.43,2017,1,1,Sunday,6,1
2017-09-11,438.96,2017,9,11,Monday,0,0
2017-03-27,1875.128,2017,3,27,Monday,0,0
2017-05-06,817.829,2017,5,6,Saturday,5,1
2017-04-30,691.476,2017,4,30,Sunday,6,1
2017-05-29,23.55,2017,5,29,Monday,0,0
2017-01-20,384.176,2017,1,20,Friday,4,0
2017-11-06,318.96,2017,11,6,Monday,0,0
2017-03-10,91.726,2017,3,10,Friday,4,0
2017-03-31,33.62,2017,3,31,Friday,4,0
2017-09-24,253.824,2017,9,24,Sunday,6,1
2017-08-21,83.88,2017,8,21,Monday,0,0
2017-10-03,20.64,2017,10,3,Tuesday,1,0
2017-12-21,124.36,2017,12,21,Thursday,3,0
2017-04-04,400.61,2017,4,4,Tuesday,1,0
2017-12-01,167.638,2017,12,1,Friday,4,0
2017-08-15,50.4,2017,8,15,Tuesday,1,0
2017-09-25,562.026,2017,9,25,Monday,0,0
2017-04-14,118.32,2017,4,14,Friday,4,0
2017-09-02,237.64,2017,9,2,Saturday,5,1
2017-07-21,2.112,2017,7,21,Friday,4,0
2017-07-09,526.45,2017,7,9,Sunday,6,1
2017-01-23,210.98,2017,1,23,Monday,0,0
2017-12-24,2970.432,2017,12,24,Sunday,6,1
2017-12-08,433.78,2017,12,8,Friday,4,0
2017-12-01,1020.263,2017,12,1,Friday,4,0
2017-04-02,14.94,2017,4,2,Sunday,6,1
2017-12-22,7.824,2017,12,22,Friday,4,0
2017-01-29,4.768,2017,1,29,Sunday,6,1
2017-07-21,291.988,2017,7,21,Friday,4,0
2017-08-10,177.2,2017,8,10,Thursday,3,0
2017-06-03,136.26,2017,6,3,Saturday,5,1
2017-09-01,498.26,2017,9,1,Friday,4,0
2017-12-01,7.712,2017,12,1,Friday,4,0
2017-05-19,342.24,2017,5,19,Friday,4,0
2017-09-15,163.96,2017,9,15,Friday,4,0
2017-05-28,483.48,2017,5,28,Sunday,6,1
2017-06-03,60.622,2017,6,3,Saturday,5,1
2017-05-06,84.416,2017,5,6,Saturday,5,1
2017-02-09,354.9,2017,2,9,Thursday,3,0
2017-04-01,122.6,2017,4,1,Saturday,5,1
2017-10-21,1702.03,2017,10,21,Saturday,5,1
2017-03-02,19.198,2017,3,2,Thursday,3,0
2017-07-29,60.12,2017,7,29,Saturday,5,1
2017-09-03,24.448,2017,9,3,Sunday,6,1
2017-12-22,638.68,2017,12,22,Friday,4,0
2017-09-15,31.744,2017,9,15,Friday,4,0
2017-04-22,675.06,2017,4,22,Saturday,5,1
2017-10-06,309.488,2017,10,6,Friday,4,0
2017-06-17,146.352,2017,6,17,Saturday,5,1
2017-04-23,155.34,2017,4,23,Sunday,6,1
2017-08-04,3.318,2017,8,4,Friday,4,0
2017-11-19,22.96,2017,11,19,Sunday,6,1
2017-06-01,53.9,2017,6,1,Thursday,3,0
2017-11-24,1446.84,2017,11,24,Friday,4,0
2017-12-29,101.12,2017,12,29,Friday,4,0
2017-11-20,22.0,2017,11,20,Monday,0,0
2017-12-25,41.96,2017,12,25,Monday,0,0
2017-08-28,52.064,2017,8,28,Monday,0,0
2017-09-02,1577.94,2017,9,2,Saturday,5,1
2017-07-31,872.5,2017,7,31,Monday,0,0
2017-06-29,374.48,2017,6,29,Thursday,3,0
2017-03-26,19.83,2017,3,26,Sunday,6,1
2017-01-02,1322.75,2017,1,2,Monday,0,0
2017-09-09,458.984,2017,9,9,Saturday,5,1
2017-10-20,949.772,2017,10,20,Friday,4,0
2017-03-11,895.92,2017,3,11,Saturday,5,1
2017-12-14,204.55,2017,12,14,Thursday,3,0
2017-03-09,510.824,2017,3,9,Thursday,3,0
2017-09-09,685.26,2017,9,9,Saturday,5,1
2017-09-10,85.056,2017,9,10,Sunday,6,1
2017-09-04,421.1,2017,9,4,Monday,0,0
2017-09-30,183.59,2017,9,30,Saturday,5,1
2017-12-04,11.352,2017,12,4,Monday,0,0
2017-10-02,49.12,2017,10,2,Monday,0,0
2017-09-14,70.95,2017,9,14,Thursday,3,0
2017-03-05,25.06,2017,3,5,Sunday,6,1
2017-11-04,1883.724,2017,11,4,Saturday,5,1
2017-12-02,67.86,2017,12,2,Saturday,5,1
2017-05-02,109.62,2017,5,2,Tuesday,1,0
2017-04-01,127.46,2017,4,1,Saturday,5,1
2017-12-24,1003.62,2017,12,24,Sunday,6,1
2017-12-09,2.624,2017,12,9,Saturday,5,1
2017-09-18,29.26,2017,9,18,Monday,0,0
2017-09-29,51.168,2017,9,29,Friday,4,0
2017-03-18,46.2,2017,3,18,Saturday,5,1
2017-10-21,17.856,2017,10,21,Saturday,5,1
2017-12-08,218.81,2017,12,8,Friday,4,0
2017-11-03,35.88,2017,11,3,Friday,4,0
2017-12-24,31.74,2017,12,24,Sunday,6,1
2017-10-07,1027.21,2017,10,7,Saturday,5,1
2017-09-24,531.888,2017,9,24,Sunday,6,1
2017-12-10,1669.6,2017,12,10,Sunday,6,1
2017-06-12,544.14,2017,6,12,Monday,0,0
2017-03-06,68.416,2017,3,6,Monday,0,0
2017-12-03,238.684,2017,12,3,Sunday,6,1
2017-06-26,287.424,2017,6,26,Monday,0,0
2017-12-10,684.78,2017,12,10,Sunday,6,1
2017-09-07,478.08,2017,9,7,Thursday,3,0
2017-11-11,34.92,2017,11,11,Saturday,5,1
2017-11-23,10.688,2017,11,23,Thursday,3,0
2017-01-30,419.136,2017,1,30,Monday,0,0
2017-05-13,2229.18,2017,5,13,Saturday,5,1
2017-01-14,154.9,2017,1,14,Saturday,5,1
2017-10-12,7.968,2017,10,12,Thursday,3,0
2017-11-23,316.32,2017,11,23,Thursday,3,0
2017-05-08,47.992,2017,5,8,Monday,0,0
2017-05-20,41.28,2017,5,20,Saturday,5,1
2017-04-24,107.986,2017,4,24,Monday,0,0
2017-09-11,2089.412,2017,9,11,Monday,0,0
2017-12-22,474.95,2017,12,22,Friday,4,0
2017-12-11,116.312,2017,12,11,Monday,0,0
2017-06-04,30.336,2017,6,4,Sunday,6,1
2017-10-03,33.472,2017,10,3,Tuesday,1,0
2017-04-01,5282.648,2017,4,1,Saturday,5,1
2017-11-07,710.322,2017,11,7,Tuesday,1,0
2017-09-08,258.528,2017,9,8,Friday,4,0
2017-11-12,94.36,2017,11,12,Sunday,6,1
2017-10-12,2258.28,2017,10,12,Thursday,3,0
2017-07-08,75.18,2017,7,8,Saturday,5,1
2017-11-25,1240.418,2017,11,25,Saturday,5,1
2017-06-03,1099.5,2017,6,3,Saturday,5,1
2017-01-26,11.84,2017,1,26,Thursday,3,0
2017-07-20,735.98,2017,7,20,Thursday,3,0
2017-11-06,18.16,2017,11,6,Monday,0,0
2017-02-20,19.67,2017,2,20,Monday,0,0
2017-02-09,21.12,2017,2,9,Thursday,3,0
2017-04-30,23.24,2017,4,30,Sunday,6,1
2017-04-10,386.14,2017,4,10,Monday,0,0
2017-10-14,37.66,2017,10,14,Saturday,5,1
2017-12-22,1090.348,2017,12,22,Friday,4,0
2017-01-06,33.74,2017,1,6,Friday,4,0
2017-11-11,28.776,2017,11,11,Saturday,5,1
2017-04-08,440.31,2017,4,8,Saturday,5,1
2017-09-07,151.72,2017,9,7,Thursday,3,0
2017-04-25,13.904,2017,4,25,Tuesday,1,0
2017-02-13,35.73,2017,2,13,Monday,0,0
2017-10-14,46.36,2017,10,14,Saturday,5,1
2017-06-27,20.07,2017,6,27,Tuesday,1,0
2017-08-17,201.09,2017,8,17,Thursday,3,0
2017-06-20,4.464,2017,6,20,Tuesday,1,0
2017-10-27,261.536,2017,10,27,Friday,4,0
2017-04-27,139.58,2017,4,27,Thursday,3,0
2017-08-18,323.1,2017,8,18,Friday,4,0
2017-09-21,20.16,2017,9,21,Thursday,3,0
2017-04-20,478.416,2017,4,20,Thursday,3,0
2017-10-08,42.76,2017,10,8,Sunday,6,1
2017-01-01,954.902,2017,1,1,Sunday,6,1
2017-12-14,1843.402,2017,12,14,Thursday,3,0
2017-05-27,39.252,2017,5,27,Saturday,5,1
2017-04-30,62.96,2017,4,30,Sunday,6,1
2017-08-06,1077.47,2017,8,6,Sunday,6,1
2017-01-20,11.52,2017,1,20,Friday,4,0
2017-09-10,762.594,2017,9,10,Sunday,6,1
2017-03-16,445.44,2017,3,16,Thursday,3,0
2017-11-14,321.568,2017,11,14,Tuesday,1,0
2017-09-09,28.83,2017,9,9,Saturday,5,1
2017-09-28,2.655,2017,9,28,Thursday,3,0
2017-05-12,5.904,2017,5,12,Friday,4,0
2017-03-02,18.528,2017,3,2,Thursday,3,0
2017-10-01,6.672,2017,10,1,Sunday,6,1
2017-08-12,1057.168,2017,8,12,Saturday,5,1
2017-12-08,592.74,2017,12,8,Friday,4,0
2017-09-04,40.096,2017,9,4,Monday,0,0
2017-01-22,22.992,2017,1,22,Sunday,6,1
2017-10-30,321.39,2017,10,30,Monday,0,0
2017-12-04,61.568,2017,12,4,Monday,0,0
2017-12-10,437.65,2017,12,10,Sunday,6,1
2017-10-12,254.604,2017,10,12,Thursday,3,0
2017-10-07,85.52,2017,10,7,Saturday,5,1
2017-11-07,461.592,2017,11,7,Tuesday,1,0
2017-03-12,40.41,2017,3,12,Sunday,6,1
2017-10-30,481.472,2017,10,30,Monday,0,0
2017-09-08,116.832,2017,9,8,Friday,4,0
2017-11-09,3013.78,2017,11,9,Thursday,3,0
2017-10-02,37.208,2017,10,2,Monday,0,0
2017-10-12,1171.792,2017,10,12,Thursday,3,0
2017-01-15,12.7,2017,1,15,Sunday,6,1
2017-05-26,23.08,2017,5,26,Friday,4,0
2017-09-14,1770.19,2017,9,14,Thursday,3,0
2017-01-19,1370.535,2017,1,19,Thursday,3,0
2017-05-22,68.46,2017,5,22,Monday,0,0
2017-12-04,11.76,2017,12,4,Monday,0,0
2017-11-03,15.992,2017,11,3,Friday,4,0
2017-11-24,19.008,2017,11,24,Friday,4,0
2017-05-19,97.16,2017,5,19,Friday,4,0
2017-09-19,592.308,2017,9,19,Tuesday,1,0
2017-03-13,523.16,2017,3,13,Monday,0,0
2017-12-11,798.93,2017,12,11,Monday,0,0
2017-06-19,464.373,2017,6,19,Monday,0,0
2017-02-17,605.752,2017,2,17,Friday,4,0
2017-08-31,719.298,2017,8,31,Thursday,3,0
2017-11-12,26.72,2017,11,12,Sunday,6,1
2017-02-06,29.9,2017,2,6,Monday,0,0
2017-11-06,175.324,2017,11,6,Monday,0,0
2017-12-15,273.926,2017,12,15,Friday,4,0
2017-11-20,27.58,2017,11,20,Monday,0,0
2017-11-11,35.48,2017,11,11,Saturday,5,1
2017-03-20,2.91,2017,3,20,Monday,0,0
2017-10-21,909.12,2017,10,21,Saturday,5,1
2017-01-01,3.6,2017,1,1,Sunday,6,1
2017-04-30,9.78,2017,4,30,Sunday,6,1
2017-08-05,151.056,2017,8,5,Saturday,5,1
2017-01-19,6.0,2017,1,19,Thursday,3,0
2017-11-05,16.03,2017,11,5,Sunday,6,1
2017-01-09,274.491,2017,1,9,Monday,0,0
2017-02-13,90.64,2017,2,13,Monday,0,0
2017-11-06,5.78,2017,11,6,Monday,0,0
2017-03-31,205.3328,2017,3,31,Friday,4,0
2017-12-24,17.88,2017,12,24,Sunday,6,1
2017-10-15,14.73,2017,10,15,Sunday,6,1
2017-08-27,5.952,2017,8,27,Sunday,6,1
2017-12-02,631.176,2017,12,2,Saturday,5,1
2017-12-02,45.66,2017,12,2,Saturday,5,1
2017-07-07,252.0,2017,7,7,Friday,4,0
2017-11-25,48.87,2017,11,25,Saturday,5,1
2017-10-30,204.98,2017,10,30,Monday,0,0
2017-12-17,32.56,2017,12,17,Sunday,6,1
2017-12-22,839.43,2017,12,22,Friday,4,0
2017-04-13,901.2,2017,4,13,Thursday,3,0
2017-10-26,26.15,2017,10,26,Thursday,3,0
2017-11-26,152.074,2017,11,26,Sunday,6,1
2017-11-08,274.2,2017,11,8,Wednesday,2,0
2017-05-18,24.5,2017,5,18,Thursday,3,0
2017-03-08,668.54,2017,3,8,Wednesday,2,0
2017-08-21,866.4,2017,8,21,Monday,0,0
2017-03-02,107.648,2017,3,2,Thursday,3,0
2017-07-30,76.776,2017,7,30,Sunday,6,1
2017-03-10,61.876,2017,3,10,Friday,4,0
2017-06-16,228.28,2017,6,16,Friday,4,0
2017-03-25,1986.52,2017,3,25,Saturday,5,1
2017-09-09,6.368,2017,9,9,Saturday,5,1
2017-06-22,3.036,2017,6,22,Thursday,3,0
2017-11-26,265.408,2017,11,26,Sunday,6,1
2017-03-23,211.84,2017,3,23,Thursday,3,0
2016-12-31,38.376,2016,12,31,Saturday,5,1
2017-09-14,517.257,2017,9,14,Thursday,3,0
2017-03-21,64.384,2017,3,21,Tuesday,1,0
2017-10-22,64.38,2017,10,22,Sunday,6,1
2017-09-26,2.224,2017,9,26,Tuesday,1,0
2017-12-04,5.346,2017,12,4,Monday,0,0
2017-11-23,248.481,2017,11,23,Thursday,3,0
2017-12-18,233.532,2017,12,18,Monday,0,0
2017-12-30,3.024,2017,12,30,Saturday,5,1
2017-05-06,54.66,2017,5,6,Saturday,5,1
2017-08-07,2563.314,2017,8,7,Monday,0,0
2017-07-11,132.6,2017,7,11,Tuesday,1,0
2017-05-08,128.058,2017,5,8,Monday,0,0
2017-10-01,643.52,2017,10,1,Sunday,6,1
2017-12-05,497.044,2017,12,5,Tuesday,1,0
2017-06-26,526.45,2017,6,26,Monday,0,0
2017-04-23,17.104,2017,4,23,Sunday,6,1
2017-11-05,12.96,2017,11,5,Sunday,6,1
2017-01-20,207.846,2017,1,20,Friday,4,0
2017-01-30,604.768,2017,1,30,Monday,0,0
2017-08-26,64.96,2017,8,26,Saturday,5,1
2017-06-01,324.744,2017,6,1,Thursday,3,0
2017-11-21,55.176,2017,11,21,Tuesday,1,0
2017-11-16,132.36,2017,11,16,Thursday,3,0
2017-12-02,170.916,2017,12,2,Saturday,5,1
2017-11-11,181.86,2017,11,11,Saturday,5,1
2017-12-10,14.2,2017,12,10,Sunday,6,1
2017-10-05,63.824,2017,10,5,Thursday,3,0
2017-06-17,51.312,2017,6,17,Saturday,5,1
2017-04-08,2747.25,2017,4,8,Saturday,5,1
2017-04-04,383.84,2017,4,4,Tuesday,1,0
2017-09-17,830.24,2017,9,17,Sunday,6,1
2017-03-13,1358.866,2017,3,13,Monday,0,0
2017-12-07,127.984,2017,12,7,Thursday,3,0
2017-09-02,2255.868,2017,9,2,Saturday,5,1
2017-09-08,9.096,2017,9,8,Friday,4,0
2017-06-10,115.916,2017,6,10,Saturday,5,1
2017-06-04,8.64,2017,6,4,Sunday,6,1
2017-11-17,23.766,2017,11,17,Friday,4,0
2017-08-12,597.86,2017,8,12,Saturday,5,1
2017-11-09,215.976,2017,11,9,Thursday,3,0
2017-08-07,63.96,2017,8,7,Monday,0,0
2017-09-22,4749.327,2017,9,22,Friday,4,0
2017-10-16,124.75,2017,10,16,Monday,0,0
2017-06-04,103.968,2017,6,4,Sunday,6,1
2017-11-11,1158.12,2017,11,11,Saturday,5,1
2017-12-29,209.7,2017,12,29,Friday,4,0
2017-10-20,45.528,2017,10,20,Friday,4,0
2017-12-19,1665.62,2017,12,19,Tuesday,1,0
2017-12-18,5.76,2017,12,18,Monday,0,0
2017-10-20,199.17,2017,10,20,Friday,4,0
2017-11-19,138.696,2017,11,19,Sunday,6,1
2017-06-02,25.344,2017,6,2,Friday,4,0
2017-06-04,6.37,2017,6,4,Sunday,6,1
2017-12-10,19.104,2017,12,10,Sunday,6,1
2017-10-16,1893.786,2017,10,16,Monday,0,0
2017-06-24,2.88,2017,6,24,Saturday,5,1
2017-11-04,4.3,2017,11,4,Saturday,5,1
2017-02-17,702.8424,2017,2,17,Friday,4,0
2017-11-13,629.95,2017,11,13,Monday,0,0
2017-04-25,344.981,2017,4,25,Tuesday,1,0
2017-10-16,599.985,2017,10,16,Monday,0,0
2017-03-12,69.93,2017,3,12,Sunday,6,1
2017-01-07,3059.982,2017,1,7,Saturday,5,1
2017-10-19,16.68,2017,10,19,Thursday,3,0
2017-05-18,524.85,2017,5,18,Thursday,3,0
2017-11-27,656.22,2017,11,27,Monday,0,0
2017-11-09,163.55,2017,11,9,Thursday,3,0
2017-04-14,8.76,2017,4,14,Friday,4,0
2017-11-09,691.144,2017,11,9,Thursday,3,0
2017-05-07,79.99,2017,5,7,Sunday,6,1
2017-08-25,130.98,2017,8,25,Friday,4,0
2017-08-31,19.12,2017,8,31,Thursday,3,0
2017-09-10,2.78,2017,9,10,Sunday,6,1
2017-09-28,10.368,2017,9,28,Thursday,3,0
2017-12-04,74.352,2017,12,4,Monday,0,0
2017-04-26,1.988,2017,4,26,Wednesday,2,0
2017-03-18,23.832,2017,3,18,Saturday,5,1
2017-11-18,182.97,2017,11,18,Saturday,5,1
2017-09-24,829.83,2017,9,24,Sunday,6,1
2016-12-31,163.408,2016,12,31,Saturday,5,1
2017-11-13,163.96,2017,11,13,Monday,0,0
2017-01-21,383.992,2017,1,21,Saturday,5,1
2017-05-27,25.92,2017,5,27,Saturday,5,1
2017-11-12,10.56,2017,11,12,Sunday,6,1
2017-11-16,1126.294,2017,11,16,Thursday,3,0
2017-10-28,21.93,2017,10,28,Saturday,5,1
2017-05-05,34.5,2017,5,5,Friday,4,0
2017-09-19,4.842,2017,9,19,Tuesday,1,0
2017-12-02,2479.96,2017,12,2,Saturday,5,1
2017-08-11,477.51,2017,8,11,Friday,4,0
2017-01-29,136.2,2017,1,29,Sunday,6,1
2017-01-15,21.4,2017,1,15,Sunday,6,1
2017-04-28,15.232,2017,4,28,Friday,4,0
2017-10-29,46.96,2017,10,29,Sunday,6,1
2017-11-09,96.53,2017,11,9,Thursday,3,0
2017-03-05,839.25,2017,3,5,Sunday,6,1
2017-09-22,726.91,2017,9,22,Friday,4,0
2017-09-03,697.525,2017,9,3,Sunday,6,1
2017-05-25,29.84,2017,5,25,Thursday,3,0
2017-07-31,93.52,2017,7,31,Monday,0,0
2017-11-03,361.376,2017,11,3,Friday,4,0
2017-03-16,315.041,2017,3,16,Thursday,3,0
2017-08-06,161.14,2017,8,6,Sunday,6,1
2017-02-02,272.1,2017,2,2,Thursday,3,0
2017-05-28,129.832,2017,5,28,Sunday,6,1
2017-06-26,904.116,2017,6,26,Monday,0,0
2017-11-25,74.04,2017,11,25,Saturday,5,1
2017-12-25,191.984,2017,12,25,Monday,0,0
2017-09-03,108.4,2017,9,3,Sunday,6,1
2017-12-16,172.26,2017,12,16,Saturday,5,1
2017-04-06,8.1,2017,4,6,Thursday,3,0
2017-05-13,299.52,2017,5,13,Saturday,5,1
2017-11-10,341.96,2017,11,10,Friday,4,0
2017-05-14,1078.438,2017,5,14,Sunday,6,1
2017-01-20,160.776,2017,1,20,Friday,4,0
2017-09-03,5.96,2017,9,3,Sunday,6,1
2017-04-15,15.57,2017,4,15,Saturday,5,1
2017-01-23,100.922,2017,1,23,Monday,0,0
2017-08-27,2971.792,2017,8,27,Sunday,6,1
2017-09-22,30.9,2017,9,22,Friday,4,0
2017-04-10,14.77,2017,4,10,Monday,0,0
2017-07-11,1455.55,2017,7,11,Tuesday,1,0
2017-03-26,57.01,2017,3,26,Sunday,6,1
2017-03-18,537.544,2017,3,18,Saturday,5,1
2017-11-10,7.8,2017,11,10,Friday,4,0
2017-10-26,608.43,2017,10,26,Thursday,3,0
2017-11-24,7.78,2017,11,24,Friday,4,0
2017-03-13,7.992,2017,3,13,Monday,0,0
2017-09-25,278.23,2017,9,25,Monday,0,0
2017-12-11,608.552,2017,12,11,Monday,0,0
2017-09-25,130.568,2017,9,25,Monday,0,0
2017-10-09,10.816,2017,10,9,Monday,0,0
2017-08-01,1476.27,2017,8,1,Tuesday,1,0
2017-06-18,74.352,2017,6,18,Sunday,6,1
2017-09-22,1083.07,2017,9,22,Friday,4,0
2017-12-25,3.856,2017,12,25,Monday,0,0
2017-11-19,54.64,2017,11,19,Sunday,6,1
2017-08-18,23.18,2017,8,18,Friday,4,0
2017-05-04,502.474,2017,5,4,Thursday,3,0
2017-06-30,1584.866,2017,6,30,Friday,4,0
2017-09-15,35.56,2017,9,15,Friday,4,0
2017-08-18,9.912,2017,8,18,Friday,4,0
2017-08-27,120.576,2017,8,27,Sunday,6,1
2017-10-09,321.202,2017,10,9,Monday,0,0
2017-12-01,259.44,2017,12,1,Friday,4,0
2017-10-13,170.572,2017,10,13,Friday,4,0
2017-11-07,38.16,2017,11,7,Tuesday,1,0
2017-05-03,48.88,2017,5,3,Wednesday,2,0
2017-02-16,705.002,2017,2,16,Thursday,3,0
2017-08-07,79.992,2017,8,7,Monday,0,0
2017-09-24,79.0,2017,9,24,Sunday,6,1
2017-12-21,12.51,2017,12,21,Thursday,3,0
2017-12-25,400.39,2017,12,25,Monday,0,0
2017-06-26,239.97,2017,6,26,Monday,0,0
2017-08-03,16.52,2017,8,3,Thursday,3,0
2017-11-17,286.09,2017,11,17,Friday,4,0
2017-12-24,21.312,2017,12,24,Sunday,6,1
2017-09-07,7.857,2017,9,7,Thursday,3,0
2017-10-04,19.98,2017,10,4,Wednesday,2,0
2017-12-28,125.98,2017,12,28,Thursday,3,0
2017-11-10,26.352,2017,11,10,Friday,4,0
2017-03-02,676.716,2017,3,2,Thursday,3,0
2017-12-28,725.84,2017,12,28,Thursday,3,0
2017-12-18,18.704,2017,12,18,Monday,0,0
2017-11-24,223.58,2017,11,24,Friday,4,0
2017-05-23,70.148,2017,5,23,Tuesday,1,0
2017-11-02,23.85,2017,11,2,Thursday,3,0
2017-01-26,18.16,2017,1,26,Thursday,3,0
2017-06-30,1085.42,2017,6,30,Friday,4,0
2017-11-12,256.36,2017,11,12,Sunday,6,1
2017-01-30,129.3,2017,1,30,Monday,0,0
2017-11-12,47.1,2017,11,12,Sunday,6,1
2017-07-15,729.396,2017,7,15,Saturday,5,1
2017-02-18,287.326,2017,2,18,Saturday,5,1
2017-09-18,997.83,2017,9,18,Monday,0,0
2017-10-15,13.05,2017,10,15,Sunday,6,1
2017-12-28,134.524,2017,12,28,Thursday,3,0
2017-12-02,47.96,2017,12,2,Saturday,5,1
2017-07-11,8.67,2017,7,11,Tuesday,1,0
2017-09-15,295.056,2017,9,15,Friday,4,0
2017-11-26,12.84,2017,11,26,Sunday,6,1
2017-12-11,1.392,2017,12,11,Monday,0,0
2017-09-21,15.51,2017,9,21,Thursday,3,0
2017-11-13,728.968,2017,11,13,Monday,0,0
2017-06-17,3505.84,2017,6,17,Saturday,5,1
2017-08-03,183.372,2017,8,3,Thursday,3,0
2017-03-20,265.93,2017,3,20,Monday,0,0
2017-10-17,62.92,2017,10,17,Tuesday,1,0
2017-11-17,35.04,2017,11,17,Friday,4,0
2017-12-02,32.776,2017,12,2,Saturday,5,1
2017-06-22,50.415,2017,6,22,Thursday,3,0
2017-12-21,517.91,2017,12,21,Thursday,3,0
2017-04-07,235.44,2017,4,7,Friday,4,0
2017-08-17,3397.732,2017,8,17,Thursday,3,0
2017-04-11,241.81,2017,4,11,Tuesday,1,0
2017-07-15,336.993,2017,7,15,Saturday,5,1
2017-03-24,724.846,2017,3,24,Friday,4,0
2017-04-21,174.14,2017,4,21,Friday,4,0
2017-03-13,314.55,2017,3,13,Monday,0,0
2017-09-22,438.01,2017,9,22,Friday,4,0
2017-02-19,11.22,2017,2,19,Sunday,6,1
2017-11-24,983.172,2017,11,24,Friday,4,0
2017-03-19,8.94,2017,3,19,Sunday,6,1
2017-05-16,221.024,2017,5,16,Tuesday,1,0
2017-05-20,868.452,2017,5,20,Saturday,5,1
2017-11-17,10499.97,2017,11,17,Friday,4,0
2017-11-12,221.024,2017,11,12,Sunday,6,1
2017-04-20,44.4,2017,4,20,Thursday,3,0
2017-09-18,111.42,2017,9,18,Monday,0,0
2017-09-11,163.392,2017,9,11,Monday,0,0
2017-11-23,195.96,2017,11,23,Thursday,3,0
2017-12-01,183.82,2017,12,1,Friday,4,0
2017-04-24,1.81,2017,4,24,Monday,0,0
2017-05-23,171.288,2017,5,23,Tuesday,1,0
2017-11-23,4.36,2017,11,23,Thursday,3,0
2017-06-10,8.4,2017,6,10,Saturday,5,1
2017-10-21,512.064,2017,10,21,Saturday,5,1
2017-03-24,247.92,2017,3,24,Friday,4,0
2017-12-10,85.504,2017,12,10,Sunday,6,1
2017-11-02,95.66,2017,11,2,Thursday,3,0
2017-09-22,269.68,2017,9,22,Friday,4,0
2017-12-02,1271.17,2017,12,2,Saturday,5,1
2017-08-13,17.544,2017,8,13,Sunday,6,1
2017-07-25,298.116,2017,7,25,Tuesday,1,0
2017-09-03,109.704,2017,9,3,Sunday,6,1
2017-03-06,528.714,2017,3,6,Monday,0,0
2017-10-05,121.816,2017,10,5,Thursday,3,0
2017-05-06,59.2,2017,5,6,Saturday,5,1
2017-02-03,290.781,2017,2,3,Friday,4,0
2017-01-15,1958.544,2017,1,15,Sunday,6,1
2017-11-18,47.328,2017,11,18,Saturday,5,1
2017-05-21,538.02,2017,5,21,Sunday,6,1
2017-07-30,356.65,2017,7,30,Sunday,6,1
2017-11-06,831.368,2017,11,6,Monday,0,0
2017-11-11,25.5,2017,11,11,Saturday,5,1
2017-04-24,113.568,2017,4,24,Monday,0,0
2017-07-03,4150.972,2017,7,3,Monday,0,0
2017-03-05,375.71,2017,3,5,Sunday,6,1
2017-08-06,70.12,2017,8,6,Sunday,6,1
2017-11-02,19.44,2017,11,2,Thursday,3,0
2017-03-06,98.35,2017,3,6,Monday,0,0
2017-04-27,183.61,2017,4,27,Thursday,3,0
2017-12-11,873.811,2017,12,11,Monday,0,0
2017-08-03,175.71,2017,8,3,Thursday,3,0
2017-09-09,42.28,2017,9,9,Saturday,5,1
2017-11-24,518.868,2017,11,24,Friday,4,0
2017-10-12,674.872,2017,10,12,Thursday,3,0
2017-05-29,65.424,2017,5,29,Monday,0,0
2017-10-14,9.46,2017,10,14,Saturday,5,1
2017-11-19,2521.48,2017,11,19,Sunday,6,1
2017-05-04,2.313,2017,5,4,Thursday,3,0
2017-08-01,186.54,2017,8,1,Tuesday,1,0
2017-11-02,5.56,2017,11,2,Thursday,3,0
2017-07-10,41.91,2017,7,10,Monday,0,0
2017-04-22,254.352,2017,4,22,Saturday,5,1
2017-07-03,129.39,2017,7,3,Monday,0,0
2017-08-14,22.44,2017,8,14,Monday,0,0
2017-03-21,283.18,2017,3,21,Tuesday,1,0
2017-09-02,702.52,2017,9,2,Saturday,5,1
2017-10-12,39.984,2017,10,12,Thursday,3,0
2017-04-09,103.48,2017,4,9,Sunday,6,1
2017-12-24,37.93,2017,12,24,Sunday,6,1
2017-09-09,92.032,2017,9,9,Saturday,5,1
2017-02-04,32.67,2017,2,4,Saturday,5,1
2017-10-12,9.96,2017,10,12,Thursday,3,0
2017-06-15,146.89,2017,6,15,Thursday,3,0
2017-07-25,20.23,2017,7,25,Tuesday,1,0
2017-09-21,1.908,2017,9,21,Thursday,3,0
2017-12-14,134.91,2017,12,14,Thursday,3,0
2017-11-24,436.596,2017,11,24,Friday,4,0
2017-06-15,47.976,2017,6,15,Thursday,3,0
2017-09-25,39.9,2017,9,25,Monday,0,0
2017-12-24,286.14,2017,12,24,Sunday,6,1
2017-06-19,140.868,2017,6,19,Monday,0,0
2014-03-10,22.38,2014,3,10,Monday,0,0
2014-09-14,72.608,2014,9,14,Sunday,6,1
2014-05-09,235.77,2014,5,9,Friday,4,0
2014-12-13,94.428,2014,12,13,Saturday,5,1
2014-04-11,737.2,2014,4,11,Friday,4,0
2014-03-11,7.98,2014,3,11,Tuesday,1,0
2014-07-14,68.204,2014,7,14,Monday,0,0
2014-03-31,88.118,2014,3,31,Monday,0,0
2014-10-10,120.258,2014,10,10,Friday,4,0
2014-03-30,10.5,2014,3,30,Sunday,6,1
2014-05-23,79.638,2014,5,23,Friday,4,0
2014-08-02,886.28,2014,8,2,Saturday,5,1
2014-12-27,243.12,2014,12,27,Saturday,5,1
2014-09-19,5579.94,2014,9,19,Friday,4,0
2014-03-21,16.272,2014,3,21,Friday,4,0
2014-05-19,57.42,2014,5,19,Monday,0,0
2014-11-25,51.016,2014,11,25,Tuesday,1,0
2014-12-20,31.05,2014,12,20,Saturday,5,1
2014-06-08,170.352,2014,6,8,Sunday,6,1
2014-10-16,194.322,2014,10,16,Thursday,3,0
2014-02-12,129.568,2014,2,12,Wednesday,2,0
2014-12-26,8.69,2014,12,26,Friday,4,0
2014-11-29,25.06,2014,11,29,Saturday,5,1
2014-11-22,9.98,2014,11,22,Saturday,5,1
2014-04-23,2.502,2014,4,23,Wednesday,2,0
2014-08-23,19.44,2014,8,23,Saturday,5,1
2014-12-06,328.914,2014,12,6,Saturday,5,1
2014-09-25,340.3128,2014,9,25,Thursday,3,0
2014-06-20,475.42,2014,6,20,Friday,4,0
2014-12-10,455.632,2014,12,10,Wednesday,2,0
2014-03-30,129.3,2014,3,30,Sunday,6,1
2014-05-20,211.66,2014,5,20,Tuesday,1,0
2014-11-05,149.9,2014,11,5,Wednesday,2,0
2014-12-30,775.728,2014,12,30,Tuesday,1,0
2014-09-09,1299.99,2014,9,9,Tuesday,1,0
2014-08-26,158.61,2014,8,26,Tuesday,1,0
2014-09-08,51.184,2014,9,8,Monday,0,0
2014-05-27,17.46,2014,5,27,Tuesday,1,0
2014-06-21,425.67,2014,6,21,Saturday,5,1
2014-01-27,426.67,2014,1,27,Monday,0,0
2014-09-17,52.608,2014,9,17,Wednesday,2,0
2014-03-28,330.588,2014,3,28,Friday,4,0
2014-12-02,114.784,2014,12,2,Tuesday,1,0
2014-08-05,1217.38,2014,8,5,Tuesday,1,0
2014-04-06,281.852,2014,4,6,Sunday,6,1
2014-04-08,1215.92,2014,4,8,Tuesday,1,0
2014-09-12,787.85,2014,9,12,Friday,4,0
2014-07-23,1520.376,2014,7,23,Wednesday,2,0
2014-11-28,64.02,2014,11,28,Friday,4,0
2014-09-03,7.68,2014,9,3,Wednesday,2,0
2014-10-31,73.584,2014,10,31,Friday,4,0
2014-04-15,294.72,2014,4,15,Tuesday,1,0
2014-06-30,9.288,2014,6,30,Monday,0,0
2014-04-11,9.584,2014,4,11,Friday,4,0
2014-10-15,191.34,2014,10,15,Wednesday,2,0
2014-12-12,210.392,2014,12,12,Friday,4,0
2014-11-19,1271.42,2014,11,19,Wednesday,2,0
2014-12-14,403.114,2014,12,14,Sunday,6,1
2014-11-03,89.97,2014,11,3,Monday,0,0
2014-03-14,1139.92,2014,3,14,Friday,4,0
2014-11-08,333.576,2014,11,8,Saturday,5,1
2014-10-11,483.336,2014,10,11,Saturday,5,1
2014-09-14,31.408,2014,9,14,Sunday,6,1
2014-03-03,362.242,2014,3,3,Monday,0,0
2014-04-04,7.184,2014,4,4,Friday,4,0
2014-03-22,16.28,2014,3,22,Saturday,5,1
2014-06-23,23.12,2014,6,23,Monday,0,0
2014-05-25,104.92,2014,5,25,Sunday,6,1
2014-03-18,3247.158,2014,3,18,Tuesday,1,0
2014-09-09,91.488,2014,9,9,Tuesday,1,0
2014-03-07,107.648,2014,3,7,Friday,4,0
2014-10-01,4.71,2014,10,1,Wednesday,2,0
2014-09-27,685.9,2014,9,27,Saturday,5,1
2014-12-31,475.944,2014,12,31,Wednesday,2,0
2014-10-10,255.85,2014,10,10,Friday,4,0
2014-11-04,2.94,2014,11,4,Tuesday,1,0
2014-09-20,617.7,2014,9,20,Saturday,5,1
2014-11-29,12.624,2014,11,29,Saturday,5,1
2014-09-23,519.983,2014,9,23,Tuesday,1,0
2014-06-07,12.462,2014,6,7,Saturday,5,1
2014-05-23,231.16,2014,5,23,Friday,4,0
2014-09-21,2046.354,2014,9,21,Sunday,6,1
2014-11-01,733.56,2014,11,1,Saturday,5,1
2014-02-24,55.672,2014,2,24,Monday,0,0
2014-03-28,1190.84,2014,3,28,Friday,4,0
2014-12-24,1461.172,2014,12,24,Wednesday,2,0
2014-07-07,241.194,2014,7,7,Monday,0,0
2014-09-02,72.69,2014,9,2,Tuesday,1,0
2014-09-10,9.64,2014,9,10,Wednesday,2,0
2014-11-16,37.296,2014,11,16,Sunday,6,1
2014-11-07,146.688,2014,11,7,Friday,4,0
2014-03-10,719.576,2014,3,10,Monday,0,0
2014-12-06,314.55,2014,12,6,Saturday,5,1
2014-11-11,808.928,2014,11,11,Tuesday,1,0
2014-06-15,906.43,2014,6,15,Sunday,6,1
2014-06-08,585.552,2014,6,8,Sunday,6,1
2014-12-31,177.17,2014,12,31,Wednesday,2,0
2014-11-11,277.57,2014,11,11,Tuesday,1,0
2014-08-19,344.91,2014,8,19,Tuesday,1,0
2014-03-01,5.94,2014,3,1,Saturday,5,1
2014-11-23,155.372,2014,11,23,Sunday,6,1
2014-11-25,1272.704,2014,11,25,Tuesday,1,0
2014-10-14,292.82,2014,10,14,Tuesday,1,0
2014-11-26,19.3,2014,11,26,Wednesday,2,0
2014-01-20,1859.4,2014,1,20,Monday,0,0
2014-11-26,81.98,2014,11,26,Wednesday,2,0
2014-11-16,308.6,2014,11,16,Sunday,6,1
2014-01-20,67.194,2014,1,20,Monday,0,0
2014-05-04,69.86,2014,5,4,Sunday,6,1
2014-03-17,3455.13,2014,3,17,Monday,0,0
2014-11-19,47.496,2014,11,19,Wednesday,2,0
2014-04-23,592.568,2014,4,23,Wednesday,2,0
2014-07-27,65.78,2014,7,27,Sunday,6,1
2014-07-19,455.23,2014,7,19,Saturday,5,1
2014-07-14,55.92,2014,7,14,Monday,0,0
2014-12-19,252.612,2014,12,19,Friday,4,0
2014-09-12,5.18,2014,9,12,Friday,4,0
2014-10-14,344.274,2014,10,14,Tuesday,1,0
2014-09-26,145.568,2014,9,26,Friday,4,0
2014-12-26,600.558,2014,12,26,Friday,4,0
2014-09-26,0.876,2014,9,26,Friday,4,0
2014-10-12,22.24,2014,10,12,Sunday,6,1
2014-05-06,113.72,2014,5,6,Tuesday,1,0
2014-01-26,944.61,2014,1,26,Sunday,6,1
2014-03-21,310.528,2014,3,21,Friday,4,0
2014-10-03,67.76,2014,10,3,Friday,4,0
2014-07-26,123.552,2014,7,26,Saturday,5,1
2014-09-13,18.648,2014,9,13,Saturday,5,1
2014-08-19,638.82,2014,8,19,Tuesday,1,0
2014-04-01,46.688,2014,4,1,Tuesday,1,0
2014-06-01,204.08,2014,6,1,Sunday,6,1
2014-04-05,115.36,2014,4,5,Saturday,5,1
2014-11-23,1037.19,2014,11,23,Sunday,6,1
2014-04-25,16.608,2014,4,25,Friday,4,0
2014-04-02,60.208,2014,4,2,Wednesday,2,0
2014-03-22,59.109,2014,3,22,Saturday,5,1
2014-04-12,32.4,2014,4,12,Saturday,5,1
2014-10-25,49.408,2014,10,25,Saturday,5,1
2014-09-17,5.892,2014,9,17,Wednesday,2,0
2014-12-27,300.512,2014,12,27,Saturday,5,1
2014-11-12,203.1212,2014,11,12,Wednesday,2,0
2014-11-18,730.009,2014,11,18,Tuesday,1,0
2014-07-05,502.2,2014,7,5,Saturday,5,1
2014-06-21,36.252,2014,6,21,Saturday,5,1
2014-06-06,38.572,2014,6,6,Friday,4,0
2014-12-01,674.058,2014,12,1,Monday,0,0
2014-05-16,56.4,2014,5,16,Friday,4,0
2014-04-08,49.792,2014,4,8,Tuesday,1,0
2014-08-15,505.282,2014,8,15,Friday,4,0
2014-08-19,85.96,2014,8,19,Tuesday,1,0
2014-07-22,26.632,2014,7,22,Tuesday,1,0
2014-03-17,103.5,2014,3,17,Monday,0,0
2014-02-18,25.16,2014,2,18,Tuesday,1,0
2014-06-01,904.13,2014,6,1,Sunday,6,1
2014-07-13,351.216,2014,7,13,Sunday,6,1
2014-09-21,8.544,2014,9,21,Sunday,6,1
2014-08-22,11.56,2014,8,22,Friday,4,0
2014-10-31,742.336,2014,10,31,Friday,4,0
2014-09-30,15.552,2014,9,30,Tuesday,1,0
2014-12-24,435.132,2014,12,24,Wednesday,2,0
2014-11-21,269.592,2014,11,21,Friday,4,0
2014-02-07,64.96,2014,2,7,Friday,4,0
2014-12-30,551.985,2014,12,30,Tuesday,1,0
2015-06-29,269.98,2015,6,29,Monday,0,0
2015-08-28,2799.96,2015,8,28,Friday,4,0
2015-09-27,39.368,2015,9,27,Sunday,6,1
2015-01-17,254.744,2015,1,17,Saturday,5,1
2015-11-21,412.682,2015,11,21,Saturday,5,1
2015-12-24,604.098,2015,12,24,Thursday,3,0
2015-03-29,295.68,2015,3,29,Sunday,6,1
2015-09-03,120.33,2015,9,3,Thursday,3,0
2015-10-22,5.176,2015,10,22,Thursday,3,0
2015-12-01,6.688,2015,12,1,Tuesday,1,0
2015-06-15,11.672,2015,6,15,Monday,0,0
2015-09-24,54.24,2015,9,24,Thursday,3,0
2015-07-13,41.568,2015,7,13,Monday,0,0
2015-03-23,432.69,2015,3,23,Monday,0,0
2015-10-11,979.9455,2015,10,11,Sunday,6,1
2015-09-06,346.37,2015,9,6,Sunday,6,1
2015-11-01,7.88,2015,11,1,Sunday,6,1
2015-12-19,158.376,2015,12,19,Saturday,5,1
2015-05-23,140.986,2015,5,23,Saturday,5,1
2015-11-14,96.1,2015,11,14,Saturday,5,1
2015-03-24,6.992,2015,3,24,Tuesday,1,0
2015-05-26,352.168,2015,5,26,Tuesday,1,0
2015-04-18,115.44,2015,4,18,Saturday,5,1
2015-12-06,1347.27,2015,12,6,Sunday,6,1
2015-04-26,408.422,2015,4,26,Sunday,6,1
2015-04-30,281.16,2015,4,30,Thursday,3,0
2015-09-22,673.576,2015,9,22,Tuesday,1,0
2015-03-26,1098.53,2015,3,26,Thursday,3,0
2015-05-17,47.368,2015,5,17,Sunday,6,1
2015-08-07,77.58,2015,8,7,Friday,4,0
2015-10-15,8.424,2015,10,15,Thursday,3,0
2015-03-10,89.82,2015,3,10,Tuesday,1,0
2015-11-22,71.354,2015,11,22,Sunday,6,1
2015-10-02,270.34,2015,10,2,Friday,4,0
2015-12-18,646.776,2015,12,18,Friday,4,0
2015-04-13,372.096,2015,4,13,Monday,0,0
2015-12-11,12.828,2015,12,11,Friday,4,0
2015-12-20,88.8,2015,12,20,Sunday,6,1
2015-12-07,12.96,2015,12,7,Monday,0,0
2015-04-02,130.288,2015,4,2,Thursday,3,0
2015-07-20,1454.838,2015,7,20,Monday,0,0
2015-05-12,201.584,2015,5,12,Tuesday,1,0
2015-12-20,775.01,2015,12,20,Sunday,6,1
2015-10-15,136.72,2015,10,15,Thursday,3,0
2015-06-11,207.82,2015,6,11,Thursday,3,0
2015-08-07,241.34,2015,8,7,Friday,4,0
2015-03-23,107.772,2015,3,23,Monday,0,0
2015-12-21,1717.97,2015,12,21,Monday,0,0
2015-10-15,17.14,2015,10,15,Thursday,3,0
2015-08-16,832.446,2015,8,16,Sunday,6,1
2015-09-17,7678.228,2015,9,17,Thursday,3,0
2015-12-06,1782.17,2015,12,6,Sunday,6,1
2015-08-16,2200.328,2015,8,16,Sunday,6,1
2015-12-24,4909.61,2015,12,24,Thursday,3,0
2015-09-13,1336.352,2015,9,13,Sunday,6,1
2015-07-27,29.97,2015,7,27,Monday,0,0
2015-12-17,234.688,2015,12,17,Thursday,3,0
2015-02-08,21.11,2015,2,8,Sunday,6,1
2015-08-21,837.444,2015,8,21,Friday,4,0
2015-09-15,111.904,2015,9,15,Tuesday,1,0
2015-10-30,603.434,2015,10,30,Friday,4,0
2015-12-05,97.424,2015,12,5,Saturday,5,1
2015-06-01,774.47,2015,6,1,Monday,0,0
2015-04-26,1001.76,2015,4,26,Sunday,6,1
2015-04-18,21.93,2015,4,18,Saturday,5,1
2015-12-19,3332.974,2015,12,19,Saturday,5,1
2015-11-05,34.418,2015,11,5,Thursday,3,0
2015-06-20,125.944,2015,6,20,Saturday,5,1
2015-04-05,157.794,2015,4,5,Sunday,6,1
2015-12-25,433.78,2015,12,25,Friday,4,0
2015-04-11,692.728,2015,4,11,Saturday,5,1
2015-10-02,235.97,2015,10,2,Friday,4,0
2015-12-18,20.736,2015,12,18,Friday,4,0
2015-12-18,166.24,2015,12,18,Friday,4,0
2015-12-10,776.44,2015,12,10,Thursday,3,0
2015-12-17,1233.61,2015,12,17,Thursday,3,0
2015-09-03,755.096,2015,9,3,Thursday,3,0
2015-09-17,25.032,2015,9,17,Thursday,3,0
2015-09-17,344.22,2015,9,17,Thursday,3,0
2015-03-13,1242.896,2015,3,13,Friday,4,0
2015-08-25,146.744,2015,8,25,Tuesday,1,0
2015-07-26,393.165,2015,7,26,Sunday,6,1
2015-07-13,38.88,2015,7,13,Monday,0,0
2015-11-30,3.882,2015,11,30,Monday,0,0
2015-06-29,24.96,2015,6,29,Monday,0,0
2015-06-04,65.72,2015,6,4,Thursday,3,0
2015-04-02,87.8,2015,4,2,Thursday,3,0
2015-10-02,64.072,2015,10,2,Friday,4,0
2015-10-02,26.9,2015,10,2,Friday,4,0
2015-12-03,359.499,2015,12,3,Thursday,3,0
2015-02-28,551.264,2015,2,28,Saturday,5,1
2015-09-03,135.936,2015,9,3,Thursday,3,0
2015-09-10,702.74,2015,9,10,Thursday,3,0
2015-02-14,427.548,2015,2,14,Saturday,5,1
2015-12-25,547.136,2015,12,25,Friday,4,0
2015-12-01,125.64,2015,12,1,Tuesday,1,0
2015-07-17,231.92,2015,7,17,Friday,4,0
2015-12-06,2.772,2015,12,6,Sunday,6,1
2015-07-25,25.176,2015,7,25,Saturday,5,1
2015-03-16,17.52,2015,3,16,Monday,0,0
2015-09-17,3329.434,2015,9,17,Thursday,3,0
2015-11-08,263.96,2015,11,8,Sunday,6,1
2015-09-06,85.98,2015,9,6,Sunday,6,1
2015-05-25,149.2,2015,5,25,Monday,0,0
2015-11-12,15.56,2015,11,12,Thursday,3,0
2015-02-09,479.952,2015,2,9,Monday,0,0
2015-07-03,458.072,2015,7,3,Friday,4,0
2015-11-27,748.752,2015,11,27,Friday,4,0
2015-04-19,329.96,2015,4,19,Sunday,6,1
2015-08-10,711.784,2015,8,10,Monday,0,0
2015-08-11,149.96,2015,8,11,Tuesday,1,0
2015-11-13,378.138,2015,11,13,Friday,4,0
2015-10-03,139.544,2015,10,3,Saturday,5,1
2015-01-10,1018.104,2015,1,10,Saturday,5,1
2015-11-20,32.04,2015,11,20,Friday,4,0
2015-07-05,16.712,2015,7,5,Sunday,6,1
2015-11-21,365.496,2015,11,21,Saturday,5,1
2015-04-02,71.976,2015,4,2,Thursday,3,0
2015-11-28,796.324,2015,11,28,Saturday,5,1
2015-07-19,2.025,2015,7,19,Sunday,6,1
2015-10-20,255.99,2015,10,20,Tuesday,1,0
2015-05-08,3384.518,2015,5,8,Friday,4,0
2015-09-13,2.412,2015,9,13,Sunday,6,1
2015-09-24,6.848,2015,9,24,Thursday,3,0
2015-09-26,1116.48,2015,9,26,Saturday,5,1
2015-03-22,1685.456,2015,3,22,Sunday,6,1
2015-04-18,544.41,2015,4,18,Saturday,5,1
2015-06-01,47.968,2015,6,1,Monday,0,0
2015-12-27,12.672,2015,12,27,Sunday,6,1
2015-06-16,3184.356,2015,6,16,Tuesday,1,0
2015-04-30,213.115,2015,4,30,Thursday,3,0
2015-08-16,346.158,2015,8,16,Sunday,6,1
2015-09-24,821.94,2015,9,24,Thursday,3,0
2015-11-25,13.12,2015,11,25,Wednesday,2,0
2015-10-31,481.698,2015,10,31,Saturday,5,1
2015-07-30,155.88,2015,7,30,Thursday,3,0
2015-11-22,27.168,2015,11,22,Sunday,6,1
2015-05-24,610.307,2015,5,24,Sunday,6,1
2015-11-20,160.272,2015,11,20,Friday,4,0
2015-07-16,680.78,2015,7,16,Thursday,3,0
2015-12-12,22.368,2015,12,12,Saturday,5,1
2015-04-13,1061.328,2015,4,13,Monday,0,0
2015-12-10,129.64,2015,12,10,Thursday,3,0
2015-05-21,20.768,2015,5,21,Thursday,3,0
2015-11-27,459.4335,2015,11,27,Friday,4,0
2016-08-26,8.26,2016,8,26,Friday,4,0
2016-12-16,4.788,2016,12,16,Friday,4,0
2016-01-08,1671.93,2016,1,8,Friday,4,0
2016-09-03,83.952,2016,9,3,Saturday,5,1
2016-07-16,644.198,2016,7,16,Saturday,5,1
2016-10-13,752.41,2016,10,13,Thursday,3,0
2016-05-12,82.368,2016,5,12,Thursday,3,0
2016-09-29,18.97,2016,9,29,Thursday,3,0
2016-09-03,87.28,2016,9,3,Saturday,5,1
2016-08-26,146.688,2016,8,26,Friday,4,0
2016-08-05,197.05,2016,8,5,Friday,4,0
2016-05-05,1691.608,2016,5,5,Thursday,3,0
2016-04-21,195.976,2016,4,21,Thursday,3,0
2016-12-06,1018.302,2016,12,6,Tuesday,1,0
2016-12-16,3.68,2016,12,16,Friday,4,0
2016-09-03,198.744,2016,9,3,Saturday,5,1
2016-07-28,327.42,2016,7,28,Thursday,3,0
2016-05-30,874.308,2016,5,30,Monday,0,0
2016-08-22,19.44,2016,8,22,Monday,0,0
2016-04-08,354.9,2016,4,8,Friday,4,0
2016-11-05,23.988,2016,11,5,Saturday,5,1
2016-04-16,9135.19,2016,4,16,Saturday,5,1
2016-10-14,177.0,2016,10,14,Friday,4,0
2016-12-02,100.25,2016,12,2,Friday,4,0
2016-06-14,599.165,2016,6,14,Tuesday,1,0
2016-02-05,2075.51,2016,2,5,Friday,4,0
2016-03-13,334.2,2016,3,13,Sunday,6,1
2016-12-12,402.645,2016,12,12,Monday,0,0
2016-09-26,431.976,2016,9,26,Monday,0,0
2016-11-19,296.668,2016,11,19,Saturday,5,1
2016-09-27,956.6648,2016,9,27,Tuesday,1,0
2016-07-22,1137.4,2016,7,22,Friday,4,0
2016-12-30,487.704,2016,12,30,Friday,4,0
2016-11-04,77.488,2016,11,4,Friday,4,0
2016-02-09,121.83,2016,2,9,Tuesday,1,0
2016-11-14,9.84,2016,11,14,Monday,0,0
2016-03-10,176.784,2016,3,10,Thursday,3,0
2016-03-15,83.976,2016,3,15,Tuesday,1,0
2016-08-09,645.136,2016,8,9,Tuesday,1,0
2016-11-13,2294.9,2016,11,13,Sunday,6,1
2016-12-02,203.108,2016,12,2,Friday,4,0
2016-03-13,2550.587,2016,3,13,Sunday,6,1
2016-09-08,188.7,2016,9,8,Thursday,3,0
2016-11-27,39.808,2016,11,27,Sunday,6,1
2016-11-21,195.136,2016,11,21,Monday,0,0
2016-04-10,8.904,2016,4,10,Sunday,6,1
2016-12-06,19.44,2016,12,6,Tuesday,1,0
2016-09-19,18.192,2016,9,19,Monday,0,0
2016-07-25,941.18,2016,7,25,Monday,0,0
2016-09-08,615.606,2016,9,8,Thursday,3,0
2016-04-19,156.516,2016,4,19,Tuesday,1,0
2016-10-06,28.85,2016,10,6,Thursday,3,0
2016-01-03,376.64,2016,1,3,Sunday,6,1
2016-10-22,39.92,2016,10,22,Saturday,5,1
2016-12-15,14.76,2016,12,15,Thursday,3,0
2016-12-25,2875.544,2016,12,25,Sunday,6,1
2016-05-17,63.922,2016,5,17,Tuesday,1,0
2016-10-27,67.136,2016,10,27,Thursday,3,0
2016-11-14,36.37,2016,11,14,Monday,0,0
2016-08-23,79.74,2016,8,23,Tuesday,1,0
2016-09-10,66.17,2016,9,10,Saturday,5,1
2016-06-02,93.06,2016,6,2,Thursday,3,0
2016-03-12,19.98,2016,3,12,Saturday,5,1
2016-11-25,59.98,2016,11,25,Friday,4,0
2016-04-30,22.608,2016,4,30,Saturday,5,1
2016-03-18,189.882,2016,3,18,Friday,4,0
2016-09-05,1678.0,2016,9,5,Monday,0,0
2016-03-10,39.992,2016,3,10,Thursday,3,0
2016-09-25,393.165,2016,9,25,Sunday,6,1
2016-08-15,141.21,2016,8,15,Monday,0,0
2016-05-12,128.67,2016,5,12,Thursday,3,0
2016-04-15,895.06,2016,4,15,Friday,4,0
2016-09-25,773.59,2016,9,25,Sunday,6,1
2016-09-25,1059.088,2016,9,25,Sunday,6,1
2016-11-06,319.984,2016,11,6,Sunday,6,1
2016-07-01,136.43,2016,7,1,Friday,4,0
2016-08-21,3339.122,2016,8,21,Sunday,6,1
2016-10-08,51.712,2016,10,8,Saturday,5,1
2016-11-26,494.982,2016,11,26,Saturday,5,1
2016-12-15,651.363,2016,12,15,Thursday,3,0
2016-08-26,282.95,2016,8,26,Friday,4,0
2016-11-20,448.418,2016,11,20,Sunday,6,1
2016-08-04,3.98,2016,8,4,Thursday,3,0
2016-06-02,64.784,2016,6,2,Thursday,3,0
2016-09-15,70.064,2016,9,15,Thursday,3,0
2016-03-11,244.006,2016,3,11,Friday,4,0
2016-10-09,351.968,2016,10,9,Sunday,6,1
2016-09-23,537.616,2016,9,23,Friday,4,0
2016-12-27,20.16,2016,12,27,Tuesday,1,0
2016-12-09,43.964,2016,12,9,Friday,4,0
2016-07-10,492.28,2016,7,10,Sunday,6,1
2016-11-05,2007.9048,2016,11,5,Saturday,5,1
2016-11-29,58.416,2016,11,29,Tuesday,1,0
2016-07-29,2.214,2016,7,29,Friday,4,0
2016-10-29,11.744,2016,10,29,Saturday,5,1
2016-04-15,41.528,2016,4,15,Friday,4,0
2016-11-22,60.44,2016,11,22,Tuesday,1,0
2016-12-11,6.672,2016,12,11,Sunday,6,1
2016-04-17,29.05,2016,4,17,Sunday,6,1
2016-03-21,544.99,2016,3,21,Monday,0,0
2016-09-16,12.96,2016,9,16,Friday,4,0
2016-09-24,155.372,2016,9,24,Saturday,5,1
2016-09-28,99.136,2016,9,28,Wednesday,2,0
2016-11-30,36.192,2016,11,30,Wednesday,2,0
2016-06-05,132.168,2016,6,5,Sunday,6,1
2016-12-29,62.752,2016,12,29,Thursday,3,0
2016-12-11,663.952,2016,12,11,Sunday,6,1
2016-01-22,530.272,2016,1,22,Friday,4,0
2016-11-10,31.104,2016,11,10,Thursday,3,0
2016-01-08,187.228,2016,1,8,Friday,4,0
2016-03-07,21.072,2016,3,7,Monday,0,0
2016-11-18,1319.96,2016,11,18,Friday,4,0
2016-07-17,656.4,2016,7,17,Sunday,6,1
2016-02-21,471.078,2016,2,21,Sunday,6,1
2016-11-07,14.96,2016,11,7,Monday,0,0
2016-05-21,121.436,2016,5,21,Saturday,5,1
2016-06-09,177.48,2016,6,9,Thursday,3,0
2016-10-04,5549.41,2016,10,4,Tuesday,1,0
2016-03-08,221.044,2016,3,8,Tuesday,1,0
2016-02-01,56.45,2016,2,1,Monday,0,0
2016-08-13,244.3,2016,8,13,Saturday,5,1
2016-08-30,1269.87,2016,8,30,Tuesday,1,0
2016-08-22,98.328,2016,8,22,Monday,0,0
2016-10-31,32.064,2016,10,31,Monday,0,0
2016-06-23,835.17,2016,6,23,Thursday,3,0
2016-02-22,492.85,2016,2,22,Monday,0,0
2016-12-10,1424.9,2016,12,10,Saturday,5,1
2016-03-01,6125.822,2016,3,1,Tuesday,1,0
2016-05-09,1013.792,2016,5,9,Monday,0,0
2016-08-28,124.056,2016,8,28,Sunday,6,1
2016-11-14,89.97,2016,11,14,Monday,0,0
2016-10-28,17.616,2016,10,28,Friday,4,0
2016-08-12,37.312,2016,8,12,Friday,4,0
2016-11-10,279.944,2016,11,10,Thursday,3,0
2016-08-21,815.292,2016,8,21,Sunday,6,1
2016-05-15,612.14,2016,5,15,Sunday,6,1
2016-08-27,114.84,2016,8,27,Saturday,5,1
2016-09-26,424.9575,2016,9,26,Monday,0,0
2016-05-06,54.48,2016,5,6,Friday,4,0
2016-09-24,63.2,2016,9,24,Saturday,5,1
2016-09-03,430.94,2016,9,3,Saturday,5,1
2016-05-05,16.72,2016,5,5,Thursday,3,0
2016-09-05,347.802,2016,9,5,Monday,0,0
2016-08-22,4.312,2016,8,22,Monday,0,0
2016-12-11,85.224,2016,12,11,Sunday,6,1
2016-05-14,191.018,2016,5,14,Saturday,5,1
2016-09-17,12.32,2016,9,17,Saturday,5,1
2016-09-26,15.624,2016,9,26,Monday,0,0
2016-12-01,16.74,2016,12,1,Thursday,3,0
2016-04-06,1294.75,2016,4,6,Wednesday,2,0
2016-04-25,108.42,2016,4,25,Monday,0,0
2016-10-10,24.703,2016,10,10,Monday,0,0
2016-05-17,29.97,2016,5,17,Tuesday,1,0
2016-12-03,1165.328,2016,12,3,Saturday,5,1
2016-12-11,73.536,2016,12,11,Sunday,6,1
2016-03-31,312.766,2016,3,31,Thursday,3,0
2016-03-01,159.984,2016,3,1,Tuesday,1,0
2016-06-25,714.498,2016,6,25,Saturday,5,1
2016-09-05,93.456,2016,9,5,Monday,0,0
2016-09-17,206.64,2016,9,17,Saturday,5,1
2016-05-19,21.4,2016,5,19,Thursday,3,0
2016-12-26,33.9,2016,12,26,Monday,0,0
2016-11-06,368.432,2016,11,6,Sunday,6,1
2016-06-23,25.83,2016,6,23,Thursday,3,0
2016-03-14,21.88,2016,3,14,Monday,0,0
2016-12-02,505.368,2016,12,2,Friday,4,0
2016-03-06,502.221,2016,3,6,Sunday,6,1
2016-01-22,26.336,2016,1,22,Friday,4,0
2016-09-22,13.28,2016,9,22,Thursday,3,0
2016-12-01,1215.72,2016,12,1,Thursday,3,0
2016-06-06,121.95,2016,6,6,Monday,0,0
2016-09-19,703.68,2016,9,19,Monday,0,0
2016-08-13,89.32,2016,8,13,Saturday,5,1
2016-03-20,132.709,2016,3,20,Sunday,6,1
2016-08-17,15.712,2016,8,17,Wednesday,2,0
2016-10-06,801.55,2016,10,6,Thursday,3,0
2016-09-22,133.54,2016,9,22,Thursday,3,0
2016-12-20,33.9,2016,12,20,Tuesday,1,0
2016-09-26,756.486,2016,9,26,Monday,0,0
2016-11-26,78.759,2016,11,26,Saturday,5,1
2016-11-26,3.744,2016,11,26,Saturday,5,1
2016-07-01,2.496,2016,7,1,Friday,4,0
2016-06-26,13.616,2016,6,26,Sunday,6,1
2016-05-09,32.04,2016,5,9,Monday,0,0
2016-04-17,79.12,2016,4,17,Sunday,6,1
2016-10-18,307.92,2016,10,18,Tuesday,1,0
2016-04-01,12.99,2016,4,1,Friday,4,0
2016-08-23,1416.304,2016,8,23,Tuesday,1,0
2016-04-19,624.576,2016,4,19,Tuesday,1,0
2016-12-03,413.008,2016,12,3,Saturday,5,1
2016-12-09,82.92,2016,12,9,Friday,4,0
2016-10-08,61.96,2016,10,8,Saturday,5,1
2016-11-13,3.136,2016,11,13,Sunday,6,1
2016-03-26,187.616,2016,3,26,Saturday,5,1
2016-12-27,845.488,2016,12,27,Tuesday,1,0
2016-02-15,407.072,2016,2,15,Monday,0,0
2016-12-29,11.232,2016,12,29,Thursday,3,0
2016-06-18,76.864,2016,6,18,Saturday,5,1
2016-08-26,47.97,2016,8,26,Friday,4,0
2016-11-24,2904.572,2016,11,24,Thursday,3,0
2016-03-24,403.168,2016,3,24,Thursday,3,0
2016-11-11,2678.94,2016,11,11,Friday,4,0
2016-04-16,12.84,2016,4,16,Saturday,5,1
2016-01-04,959.968,2016,1,4,Monday,0,0
2016-11-22,134.272,2016,11,22,Tuesday,1,0
2016-11-05,196.33,2016,11,5,Saturday,5,1
2016-01-23,1672.31,2016,1,23,Saturday,5,1
2016-01-30,483.748,2016,1,30,Saturday,5,1
2016-01-21,1167.056,2016,1,21,Thursday,3,0
2016-06-06,678.87,2016,6,6,Monday,0,0
2016-07-15,335.8,2016,7,15,Friday,4,0
2016-02-21,405.3,2016,2,21,Sunday,6,1
2016-12-24,823.61,2016,12,24,Saturday,5,1
2016-12-06,1169.454,2016,12,6,Tuesday,1,0
2016-12-12,299.07,2016,12,12,Monday,0,0
2017-05-19,889.29,2017,5,19,Friday,4,0
2017-07-09,1.08,2017,7,9,Sunday,6,1
2017-08-19,102.72,2017,8,19,Saturday,5,1
2017-04-11,43.888,2017,4,11,Tuesday,1,0
2017-04-07,1735.8505,2017,4,7,Friday,4,0
2017-11-03,40.776,2017,11,3,Friday,4,0
2017-03-16,712.966,2017,3,16,Thursday,3,0
2017-07-23,63.312,2017,7,23,Sunday,6,1
2017-07-06,122.136,2017,7,6,Thursday,3,0
2017-02-06,273.7,2017,2,6,Monday,0,0
2017-08-21,4337.64,2017,8,21,Monday,0,0
2017-06-19,148.884,2017,6,19,Monday,0,0
2017-12-29,6.03,2017,12,29,Friday,4,0
2017-06-30,1044.63,2017,6,30,Friday,4,0
2017-11-13,239.92,2017,11,13,Monday,0,0
2017-09-22,27.18,2017,9,22,Friday,4,0
2017-10-05,236.722,2017,10,5,Thursday,3,0
2017-12-09,143.856,2017,12,9,Saturday,5,1
2017-08-13,206.67,2017,8,13,Sunday,6,1
2017-09-07,13.48,2017,9,7,Thursday,3,0
2017-01-27,137.94,2017,1,27,Friday,4,0
2017-05-08,81.08,2017,5,8,Monday,0,0
2017-01-15,147.636,2017,1,15,Sunday,6,1
2017-03-19,28.91,2017,3,19,Sunday,6,1
2017-07-17,408.96,2017,7,17,Monday,0,0
2017-10-23,837.796,2017,10,23,Monday,0,0
2017-08-25,25.696,2017,8,25,Friday,4,0
2016-12-31,156.512,2016,12,31,Saturday,5,1
2017-01-26,3002.65,2017,1,26,Thursday,3,0
2017-11-03,1872.934,2017,11,3,Friday,4,0
2017-01-14,337.688,2017,1,14,Saturday,5,1
2017-09-26,1065.216,2017,9,26,Tuesday,1,0
2017-07-22,526.344,2017,7,22,Saturday,5,1
2017-06-08,12.176,2017,6,8,Thursday,3,0
2017-06-09,169.253,2017,6,9,Friday,4,0
2017-12-26,44.75,2017,12,26,Tuesday,1,0
2017-05-12,10.272,2017,5,12,Friday,4,0
2017-11-05,246.38,2017,11,5,Sunday,6,1
2017-12-04,551.55,2017,12,4,Monday,0,0
2017-04-30,5.76,2017,4,30,Sunday,6,1
2017-11-16,354.77,2017,11,16,Thursday,3,0
2017-06-08,197.3,2017,6,8,Thursday,3,0
2017-11-19,59.913,2017,11,19,Sunday,6,1
2017-12-02,34.65,2017,12,2,Saturday,5,1
2017-09-22,24.62,2017,9,22,Friday,4,0
2017-04-30,225.546,2017,4,30,Sunday,6,1
2017-07-20,361.044,2017,7,20,Thursday,3,0
2017-05-19,38.016,2017,5,19,Friday,4,0
2017-08-21,1520.15,2017,8,21,Monday,0,0
2017-06-08,1515.186,2017,6,8,Thursday,3,0
2017-11-06,5.682,2017,11,6,Monday,0,0
2017-09-12,166.44,2017,9,12,Tuesday,1,0
2017-11-25,701.96,2017,11,25,Saturday,5,1
2017-12-10,91.193,2017,12,10,Sunday,6,1
2017-11-28,3629.936,2017,11,28,Tuesday,1,0
2017-05-15,303.544,2017,5,15,Monday,0,0
2017-10-26,166.692,2017,10,26,Thursday,3,0
2017-11-03,43.5,2017,11,3,Friday,4,0
2017-11-20,283.92,2017,11,20,Monday,0,0
2017-07-03,279.004,2017,7,3,Monday,0,0
2017-08-20,239.12,2017,8,20,Sunday,6,1
2017-08-17,1358.484,2017,8,17,Thursday,3,0
2017-11-05,159.99,2017,11,5,Sunday,6,1
2017-10-22,36.44,2017,10,22,Sunday,6,1
2017-12-02,1915.624,2017,12,2,Saturday,5,1
2017-05-28,54.368,2017,5,28,Sunday,6,1
2017-06-01,17.48,2017,6,1,Thursday,3,0
2017-06-30,204.95,2017,6,30,Friday,4,0
2017-07-29,90.57,2017,7,29,Saturday,5,1
2017-12-14,974.988,2017,12,14,Thursday,3,0
2017-01-03,38.88,2017,1,3,Tuesday,1,0
2017-08-20,35.96,2017,8,20,Sunday,6,1
2017-11-16,52.44,2017,11,16,Thursday,3,0
2017-10-20,30.336,2017,10,20,Friday,4,0
2017-07-29,115.96,2017,7,29,Saturday,5,1
2017-10-09,35.2,2017,10,9,Monday,0,0
2017-11-02,168.1,2017,11,2,Thursday,3,0
2017-11-11,35.184,2017,11,11,Saturday,5,1
2017-11-17,43.8,2017,11,17,Friday,4,0
2017-09-15,959.2,2017,9,15,Friday,4,0
2017-11-12,370.782,2017,11,12,Sunday,6,1
2017-12-17,66.284,2017,12,17,Sunday,6,1
2017-05-27,814.526,2017,5,27,Saturday,5,1
2017-10-09,719.095,2017,10,9,Monday,0,0
2017-10-21,8.559,2017,10,21,Saturday,5,1
2017-09-04,107.552,2017,9,4,Monday,0,0
2017-03-25,1069.132,2017,3,25,Saturday,5,1
2017-08-15,1801.632,2017,8,15,Tuesday,1,0
2017-12-09,38.196,2017,12,9,Saturday,5,1
2017-09-09,2457.141,2017,9,9,Saturday,5,1
2017-11-14,15.28,2017,11,14,Tuesday,1,0
2017-02-11,20.7,2017,2,11,Saturday,5,1
2017-05-28,110.433,2017,5,28,Sunday,6,1
2017-11-16,119.94,2017,11,16,Thursday,3,0
2017-08-12,2017.32,2017,8,12,Saturday,5,1
2017-03-06,14.976,2017,3,6,Monday,0,0
2017-11-06,30.56,2017,11,6,Monday,0,0
2017-03-18,296.022,2017,3,18,Saturday,5,1
2017-11-13,230.376,2017,11,13,Monday,0,0
2017-03-04,114.684,2017,3,4,Saturday,5,1
2017-11-30,663.936,2017,11,30,Thursday,3,0
2017-03-30,170.872,2017,3,30,Thursday,3,0
2017-10-19,1633.188,2017,10,19,Thursday,3,0
2017-06-11,668.744,2017,6,11,Sunday,6,1
2017-05-19,195.64,2017,5,19,Friday,4,0
2017-01-20,3.52,2017,1,20,Friday,4,0
2017-09-30,20.664,2017,9,30,Saturday,5,1
2017-03-26,377.528,2017,3,26,Sunday,6,1
2017-09-03,42.616,2017,9,3,Sunday,6,1
2017-11-04,265.072,2017,11,4,Saturday,5,1
2017-12-07,1889.99,2017,12,7,Thursday,3,0
2017-07-21,17.48,2017,7,21,Friday,4,0
2017-04-02,25.11,2017,4,2,Sunday,6,1
2017-12-23,13.48,2017,12,23,Saturday,5,1
2017-07-21,124.404,2017,7,21,Friday,4,0
2017-01-07,332.8,2017,1,7,Saturday,5,1
2017-07-06,19.002,2017,7,6,Thursday,3,0
2017-09-08,663.87,2017,9,8,Friday,4,0
2017-06-25,871.4,2017,6,25,Sunday,6,1
2017-11-13,9.324,2017,11,13,Monday,0,0
2017-09-08,765.625,2017,9,8,Friday,4,0
2017-12-11,6.54,2017,12,11,Monday,0,0
2017-09-23,133.896,2017,9,23,Saturday,5,1
2017-09-28,535.264,2017,9,28,Thursday,3,0
2017-11-12,11.56,2017,11,12,Sunday,6,1
2017-12-05,51.41,2017,12,5,Tuesday,1,0
2017-04-14,198.272,2017,4,14,Friday,4,0
2017-06-29,5.184,2017,6,29,Thursday,3,0
2017-07-03,311.96,2017,7,3,Monday,0,0
2017-01-19,637.18,2017,1,19,Thursday,3,0
2017-01-29,12.128,2017,1,29,Sunday,6,1
2017-07-21,6.48,2017,7,21,Friday,4,0
2017-11-24,76.521,2017,11,24,Friday,4,0
2017-05-02,159.56,2017,5,2,Tuesday,1,0
2017-11-10,429.592,2017,11,10,Friday,4,0
2017-04-24,69.98,2017,4,24,Monday,0,0
2017-07-15,1065.84,2017,7,15,Saturday,5,1
2017-04-17,195.136,2017,4,17,Monday,0,0
2017-03-17,4.608,2017,3,17,Friday,4,0
2017-09-07,47.94,2017,9,7,Thursday,3,0
2017-07-03,283.46,2017,7,3,Monday,0,0
2017-09-30,11.646,2017,9,30,Saturday,5,1
2017-09-07,562.652,2017,9,7,Thursday,3,0
2017-07-29,935.74,2017,7,29,Saturday,5,1
2017-06-10,40.032,2017,6,10,Saturday,5,1
2017-06-06,31.35,2017,6,6,Tuesday,1,0
2017-12-08,97.236,2017,12,8,Friday,4,0
2017-04-23,513.496,2017,4,23,Sunday,6,1
2017-09-23,228.572,2017,9,23,Saturday,5,1
2017-06-16,5.936,2017,6,16,Friday,4,0
2017-11-12,62.352,2017,11,12,Sunday,6,1
2017-05-27,598.31,2017,5,27,Saturday,5,1
2017-08-22,314.532,2017,8,22,Tuesday,1,0
2017-11-18,409.548,2017,11,18,Saturday,5,1
2017-09-24,148.16,2017,9,24,Sunday,6,1
2017-12-09,11.088,2017,12,9,Saturday,5,1
2017-03-11,90.6,2017,3,11,Saturday,5,1
2017-05-06,1407.2048,2017,5,6,Saturday,5,1
2017-11-25,369.979,2017,11,25,Saturday,5,1
2017-05-14,481.59,2017,5,14,Sunday,6,1
2017-06-22,37.608,2017,6,22,Thursday,3,0
2017-08-27,1488.424,2017,8,27,Sunday,6,1
2017-02-25,428.704,2017,2,25,Saturday,5,1
2017-07-24,2399.96,2017,7,24,Monday,0,0
2017-08-31,229.544,2017,8,31,Thursday,3,0
2017-09-01,7.58,2017,9,1,Friday,4,0
2017-12-10,14.76,2017,12,10,Sunday,6,1
2017-06-20,536.36,2017,6,20,Tuesday,1,0
2017-12-07,82.38,2017,12,7,Thursday,3,0
2017-11-14,212.992,2017,11,14,Tuesday,1,0
2017-11-12,14.016,2017,11,12,Sunday,6,1
2017-04-08,580.86,2017,4,8,Saturday,5,1
2017-04-30,163.96,2017,4,30,Sunday,6,1
2017-10-06,681.91,2017,10,6,Friday,4,0
2017-11-19,305.312,2017,11,19,Sunday,6,1
2017-04-16,40.74,2017,4,16,Sunday,6,1
2017-08-27,448.818,2017,8,27,Sunday,6,1
2017-10-01,104.75,2017,10,1,Sunday,6,1
2017-05-11,209.979,2017,5,11,Thursday,3,0
2017-09-28,1.744,2017,9,28,Thursday,3,0
2017-11-19,233.058,2017,11,19,Sunday,6,1
2017-03-23,25.68,2017,3,23,Thursday,3,0
2017-11-13,22.0,2017,11,13,Monday,0,0
2017-12-10,392.22,2017,12,10,Sunday,6,1
2017-09-29,99.2,2017,9,29,Friday,4,0
2017-03-11,987.188,2017,3,11,Saturday,5,1
2017-03-26,2737.672,2017,3,26,Sunday,6,1
2017-04-15,20.736,2017,4,15,Saturday,5,1
2017-11-09,47.12,2017,11,9,Thursday,3,0
2017-05-05,23.16,2017,5,5,Friday,4,0
2017-09-11,1820.208,2017,9,11,Monday,0,0
2017-07-18,1298.896,2017,7,18,Tuesday,1,0
2017-04-11,11.364,2017,4,11,Tuesday,1,0
2017-08-03,99.87,2017,8,3,Thursday,3,0
2017-03-20,299.96,2017,3,20,Monday,0,0
2017-04-30,43.372,2017,4,30,Sunday,6,1
2017-12-09,94.784,2017,12,9,Saturday,5,1
2017-11-02,54.336,2017,11,2,Thursday,3,0
2017-04-21,5.628,2017,4,21,Friday,4,0
2017-09-09,159.96,2017,9,9,Saturday,5,1
2017-10-20,24.678,2017,10,20,Friday,4,0
2017-06-09,49.12,2017,6,9,Friday,4,0
2017-09-21,12.294,2017,9,21,Thursday,3,0
2017-03-13,299.9,2017,3,13,Monday,0,0
2017-12-02,303.372,2017,12,2,Saturday,5,1
2017-09-04,88.074,2017,9,4,Monday,0,0
2017-12-25,484.323,2017,12,25,Monday,0,0
2017-03-28,1435.96,2017,3,28,Tuesday,1,0
2017-01-28,279.9,2017,1,28,Saturday,5,1
2017-05-19,133.12,2017,5,19,Friday,4,0
2017-10-06,307.74,2017,10,6,Friday,4,0
2017-07-01,639.83,2017,7,1,Saturday,5,1
2017-01-12,760.98,2017,1,12,Thursday,3,0
2017-11-30,71.976,2017,11,30,Thursday,3,0
2017-10-13,348.56,2017,10,13,Friday,4,0
2017-09-19,32.4,2017,9,19,Tuesday,1,0
2017-12-06,10.68,2017,12,6,Wednesday,2,0
2017-12-03,98.446,2017,12,3,Sunday,6,1
2017-09-07,161.568,2017,9,7,Thursday,3,0
2017-05-22,205.922,2017,5,22,Monday,0,0
2017-04-30,10.368,2017,4,30,Sunday,6,1
2017-05-22,49.56,2017,5,22,Monday,0,0
2017-06-24,193.266,2017,6,24,Saturday,5,1
2017-06-11,122.97,2017,6,11,Sunday,6,1
2017-04-21,97.264,2017,4,21,Friday,4,0
2017-11-19,219.075,2017,11,19,Sunday,6,1
2017-07-06,239.24,2017,7,6,Thursday,3,0
2017-05-15,67.824,2017,5,15,Monday,0,0
2017-07-16,242.352,2017,7,16,Sunday,6,1
2017-09-11,67.9,2017,9,11,Monday,0,0
2017-09-03,239.666,2017,9,3,Sunday,6,1
2017-11-13,2.064,2017,11,13,Monday,0,0
2017-11-06,190.05,2017,11,6,Monday,0,0
2017-03-30,5.715,2017,3,30,Thursday,3,0
2017-05-14,87.994,2017,5,14,Sunday,6,1
2017-06-08,1.624,2017,6,8,Thursday,3,0
2017-11-10,1475.054,2017,11,10,Friday,4,0
2017-11-17,226.64,2017,11,17,Friday,4,0
2017-08-07,173.72,2017,8,7,Monday,0,0
2017-11-04,9.664,2017,11,4,Saturday,5,1
2017-04-16,61.486,2017,4,16,Sunday,6,1
2017-07-16,71.372,2017,7,16,Sunday,6,1
2017-09-14,56.7,2017,9,14,Thursday,3,0
2017-11-16,146.82,2017,11,16,Thursday,3,0
2017-05-12,162.16,2017,5,12,Friday,4,0
2017-07-21,97.918,2017,7,21,Friday,4,0
2017-01-12,77.76,2017,1,12,Thursday,3,0
2017-12-29,1814.68,2017,12,29,Friday,4,0
2017-11-18,38.864,2017,11,18,Saturday,5,1
2017-03-31,732.93,2017,3,31,Friday,4,0
2017-09-09,17.48,2017,9,9,Saturday,5,1
2017-03-31,29.7,2017,3,31,Friday,4,0
2017-07-21,466.814,2017,7,21,Friday,4,0
2017-12-11,63.686,2017,12,11,Monday,0,0
2017-09-11,524.018,2017,9,11,Monday,0,0
2017-11-20,82.256,2017,11,20,Monday,0,0
2017-07-14,2610.73,2017,7,14,Friday,4,0
2017-12-28,1.188,2017,12,28,Thursday,3,0
2017-05-06,191.968,2017,5,6,Saturday,5,1
2017-08-27,2.896,2017,8,27,Sunday,6,1
2017-10-02,2437.672,2017,10,2,Monday,0,0
2017-12-23,1152.87,2017,12,23,Saturday,5,1
2017-02-17,29.16,2017,2,17,Friday,4,0
2017-09-15,2911.784,2017,9,15,Friday,4,0
2017-09-02,255.248,2017,9,2,Saturday,5,1
2017-11-02,1158.882,2017,11,2,Thursday,3,0
2017-04-29,1048.35,2017,4,29,Saturday,5,1
2017-02-02,159.73,2017,2,2,Thursday,3,0
2017-11-13,725.079,2017,11,13,Monday,0,0
2017-07-18,807.898,2017,7,18,Tuesday,1,0
2017-11-30,1079.316,2017,11,30,Thursday,3,0
2017-07-31,173.4,2017,7,31,Monday,0,0
2016-12-31,71.096,2016,12,31,Saturday,5,1
2017-01-28,449.91,2017,1,28,Saturday,5,1
2017-07-03,24.0,2017,7,3,Monday,0,0
2017-04-20,979.626,2017,4,20,Thursday,3,0
2017-09-04,14.82,2017,9,4,Monday,0,0
2017-03-28,68.742,2017,3,28,Tuesday,1,0
2017-05-20,1196.316,2017,5,20,Saturday,5,1
2017-07-26,2012.302,2017,7,26,Wednesday,2,0
2017-01-13,4619.33,2017,1,13,Friday,4,0
2017-12-08,215.544,2017,12,8,Friday,4,0
2017-12-09,1827.51,2017,12,9,Saturday,5,1
2017-11-04,8167.42,2017,11,4,Saturday,5,1
2017-10-08,145.764,2017,10,8,Sunday,6,1
2017-01-07,2.808,2017,1,7,Saturday,5,1
2017-11-03,18.368,2017,11,3,Friday,4,0
2017-07-23,171.43,2017,7,23,Sunday,6,1
2017-09-07,56.86,2017,9,7,Thursday,3,0
2017-08-28,113.41,2017,8,28,Monday,0,0
2017-07-07,1344.838,2017,7,7,Friday,4,0
